Date,Open,High,Low,Close,Vol,BuySignal,Stop_profit,exit_price,Matured,time_cost,buy,sell,profit,OBV_UP,sBuy,sSell,sProfit,sPosition,sCash,sAvgCost,xBuy,xSell,xProfit,xPosition,xCash,xAvgCost,xBuyOrder,xSellOrder,Kelly,Postrior,P/L,likelihood,profit_margin,loss_margin
2023-08-15,0.01,1.7959,0.01,0.1898,4365785.356209978,0.0,,,,,,,,False,,,,,,,,,,,,,,,,,,,,
2023-08-16,0.1897,0.2787,0.1654,0.2021,28505299.96595065,0.0,,,,,,,,False,,,,,,,,,,,,,,,,,,,,
2023-08-17,0.2021,0.2168,0.1717,0.1805,17483545.638706785,0.0,,,,,,,,False,,,,,,,,,,,,,,,,,,,,
2023-08-18,0.1805,0.1843,0.1481,0.1567,14765202.358829942,0.0,,,,,,,,False,,,,,,,,,,,,,,,,,,,,
2023-08-19,0.1567,0.1705,0.1518,0.1591,13833490.76782616,0.0,,,,,,,,False,,,,,,,,,,,,,,,,,,,,
2023-08-20,0.159,0.1612,0.1465,0.1498,17588888.60619352,0.0,,,,,,,,False,,,,,,,,,,,,,,,,,,,,
2023-08-21,0.1499,0.1552,0.1416,0.1428,10320723.934268389,0.0,,,,,,,,False,,,,,,,,,,,,,,,,,,,,
2023-08-22,0.1428,0.1559,0.1424,0.1457,9981907.736448765,0.0,,,,,,,,False,,,,,,,,,,,,,,,,,,,,
2023-08-23,0.1456,0.1562,0.1437,0.15,11416891.578401605,0.0,,,,,,,,False,,,,,,,,,,,,,,,,,,,,
2023-08-24,0.15,0.1558,0.1467,0.1472,11430629.54825664,0.0,,,,,,,,False,,,,,,,,,,,,,,,,,,,,
2023-08-25,0.1472,0.1488,0.1366,0.1387,8849750.21968522,0.0,,,,,,,,False,,,,,,,,,,,,,,,,,,,,
2023-08-26,0.1387,0.1396,0.1289,0.1336,7430651.07132772,0.0,,,,,,,,False,,,,,,,,,,,,,,,,,,,,
2023-08-27,0.1336,0.1354,0.1279,0.1328,7689274.61561087,0.0,,,,,,,,False,,,,,,,,,,,,,,,,,,,,
2023-08-28,0.1328,0.1334,0.1255,0.1276,5703367.138470595,0.0,,,,,,,,False,,,,,,,,,,,,,,,,,,,,
2023-08-29,0.1277,0.1328,0.1184,0.1294,4162654.6606048,0.0,,,,,,,,False,,,,,,,,,,,,,,,,,,,,
2023-08-30,0.1294,0.1721,0.1285,0.1551,7692394.762934982,0.0,,,,,,,,False,,,,,,,,,,,,,,,,,,,,
2023-08-31,0.1551,0.1599,0.1349,0.1371,6125853.81086049,0.0,,,,,,,,False,,,,,,,,,,,,,,,,,,,,
2023-09-01,0.137,0.1389,0.1278,0.1344,5225244.949029478,0.0,,,,,,,,False,,,,,,,,,,,,,,,,,,,,
2023-09-02,0.1344,0.15,0.1288,0.1318,6840373.64407127,0.0,,,,,,,,False,,,,,,,,,,,,,,,,,,,,
2023-09-03,0.1318,0.1362,0.1261,0.1276,6027256.37399026,0.0,,,,,,,,False,,,,,,,,,,,,,,,,,,,,
2023-09-04,0.1276,0.1299,0.1232,0.1241,5013026.32606334,0.0,,,,,,,,False,,,,,,,,,,,,,,,,,,,,
2023-09-05,0.1241,0.1263,0.121,0.1235,6254254.754175767,0.0,,,,,,,,False,,,,,,,,,,,,,,,,,,,,
2023-09-06,0.1235,0.1283,0.1228,0.1238,5134328.31140991,0.0,,,,,,,,False,,,,,,,,,,,,,,,,,,,,
2023-09-07,0.1237,0.1362,0.1225,0.1304,5246310.00539504,0.0,,,,,,,,False,,,,,,,,,,,,,,,,,,,,
2023-09-08,0.1302,0.1354,0.1257,0.1271,5431056.47555966,0.0,,,,,,,,False,,,,,,,,,,,,,,,,,,,,
2023-09-09,0.1271,0.1277,0.1225,0.1249,4272698.3794065,0.0,,,,,,,,False,,,,,,,,,,,,,,,,,,,,
2023-09-10,0.1249,0.1258,0.1092,0.12,3185424.01234884,0.0,,,,,,,,False,,,,,,,,,,,,,,,,,,,,
2023-09-11,0.12,0.1221,0.1132,0.1175,5519560.31467282,0.0,,,,,,,,False,,,,,,,,,,,,,,,,,,,,
2023-09-12,0.1175,0.1194,0.114,0.1164,9838480.02033336,0.0,,,,,,,,False,,,,,,,,,,,,,,,,,,,,
2023-09-13,0.1164,0.1193,0.1152,0.1182,8755029.44027537,0.0,,,,,,,,False,,,,,,,,,,,,,,,,,,,,
2023-09-14,0.1182,0.1194,0.1163,0.1177,7081393.33929303,0.0,,,,,,,,False,,,,,,,,,,,,,,,,,,,,
2023-09-15,0.1177,0.1237,0.115,0.1227,6591783.41343204,0.0,,,,,,,,False,,,,,,,,,,,,,,,,,,,,
2023-09-16,0.1227,0.149,0.1211,0.1382,6276787.28835278,0.0,,,,,,,,False,,,,,,,,,,,,,,,,,,,,
2023-09-17,0.1382,0.143,0.1249,0.126,4110086.62404502,0.0,,,,,,,,False,,,,,,,,,,,,,,,,,,,,
2023-09-18,0.126,0.1277,0.1195,0.1259,5355197.16593236,0.0,,,,,,,,False,,,,,,,,,,,,,,,,,,,,
2023-09-19,0.126,0.1264,0.1211,0.1252,7599289.67181535,0.0,,,,,,,,False,,,,,,,,,,,,,,,,,,,,
2023-09-20,0.1251,0.1307,0.1221,0.1245,7009896.7761908,0.0,,,,,,,,False,,,,,,,,,,,,,,,,,,,,
2023-09-21,0.1245,0.1303,0.121,0.1226,6117380.90226786,0.0,,,,,,,,False,,,,,,,,,,,,,,,,,,,,
2023-09-22,0.1225,0.1253,0.1221,0.1225,4012981.89322109,0.0,,,,,,,,False,,,,,,,,,,,,,,,,,,,,
2023-09-23,0.1225,0.1244,0.1206,0.1211,3799507.98985951,0.0,,,,,,,,False,,,,,,,,,,,,,,,,,,,,
2023-09-24,0.1211,0.1225,0.12,0.1204,3025163.07368442,0.0,,,,,,,,False,,,,,,,,,,,,,,,,,,,,
2023-09-25,0.1204,0.1212,0.1165,0.119,4575259.80879661,0.0,,,,,,,,False,,,,,,,,,,,,,,,,,,,,
2023-09-26,0.119,0.1196,0.1159,0.1164,1294152.04535338,0.0,,,,,,,,False,,,,,,,,,,,,,,,,,,,,
2023-09-27,0.1163,0.1187,0.1155,0.1161,6724760.31117296,0.0,,,,,,,,False,,,,,,,,,,,,,,,,,,,,
2023-09-28,0.1161,0.1196,0.1153,0.1191,11231414.22694033,0.0,,,,,,,,False,,,,,,,,,,,,,,,,,,,,
2023-09-29,0.1191,0.1232,0.1181,0.1209,9871110.70912425,0.0,,,,,,,,False,,,,,,,,,,,,,,,,,,,,
2023-09-30,0.1209,0.1219,0.1185,0.1202,5282481.79257829,0.0,,,,,,,,False,,,,,,,,,,,,,,,,,,,,
2023-10-01,0.1202,0.1236,0.1191,0.1228,563606.23731877,0.0,,,,,,,,False,,,,,,,,,,,,,,,,,,,,
2023-10-02,0.1227,0.1267,0.1199,0.1205,7005818.77989335,0.0,,,,,,,,False,,,,,,,,,,,,,,,,,,,,
2023-10-03,0.1205,0.1215,0.1165,0.1176,705685.75225276,0.0,,,,,,,,False,,,,,,,,,,,,,,,,,,,,
2023-10-04,0.1175,0.118,0.1111,0.1139,76366.28864478,0.0,,,,,,,,False,,,,,,,,,,,,,,,,,,,,
2023-10-05,0.1139,0.1182,0.1137,0.1165,86220.71304383,0.0,,,,,,,,False,,,,,,,,,,,,,,,,,,,,
2023-10-06,0.1167,0.1173,0.1149,0.1172,100852.35787845,0.0,,,,,,,,False,,,,,,,,,,,,,,,,,,,,
2023-10-07,0.1171,0.1181,0.116,0.1165,1417973.12669671,0.0,,,,,,,,False,,,,,,,,,,,,,,,,,,,,
2023-10-08,0.1166,0.1172,0.1143,0.1155,1864196.37922256,0.0,,,,,,,,False,,,,,,,,,,,,,,,,,,,,
2023-10-09,0.1156,0.1158,0.1068,0.1086,3515827.33912855,0.0,,,,,,,,False,,,,,,,,,,,,,,,,,,,,
2023-10-10,0.1085,0.1096,0.106,0.1061,6008547.336368368,0.0,,,,,,,,False,,,,,,,,,,,,,,,,,,,,
2023-10-11,0.1061,0.107,0.1014,0.1017,3321027.31786469,0.0,,,,,,,,False,,,,,,,,,,,,,,,,,,,,
2023-10-12,0.1017,0.1042,0.1006,0.1021,3431382.8738176813,0.0,,,,,,,,False,,,,,,,,,,,,,,,,,,,,
2023-10-13,0.1021,0.1045,0.1011,0.1035,3583856.02204485,0.0,,,,,,,,False,,,,,,,,,,,,,,,,,,,,
2023-10-14,0.1035,0.1049,0.1025,0.1033,1783874.7611365,0.0,,0.1006,2023-10-17,0.0,0.1033,0.1006,-0.02613746369796721,False,,,,,,,,,,,,,,,,,,,,
2023-10-15,0.1034,0.1036,0.1018,0.1022,2569588.46477041,0.0,,0.1006,2023-10-17,0.0,0.1022,0.1006,-0.015655577299412915,False,,,,,,,,,,,,,,,,,,,,
2023-10-16,0.1022,0.1073,0.1018,0.1025,588613.5180365348,0.0,,0.1006,2023-10-17,0.0,0.1025,0.1006,-0.018536585365853675,False,,,,,,,,,,,,,,,,,,,,
2023-10-17,0.1027,0.104,0.0969,0.0991,2325549.19764041,0.0,,0.1006,2023-10-17,0.0,0.0991,0.1006,0.015136226034308864,False,,,,,,,,,,,,,,,,,,,,
2023-10-18,0.0991,0.1014,0.0979,0.0995,5573806.38831939,0.0,,0.0969,2023-10-19,0.0,0.0995,0.0969,-0.026130653266331683,False,,,,,,,,,,,,,,,,,,,,
2023-10-19,0.0996,0.1118,0.0948,0.0963,4879150.54459779,0.0,,0.0969,2023-10-19,0.0,0.0963,0.0969,0.006230529595015577,False,,,,,,,,,,,,,,,,,,,,
2023-10-20,0.0964,0.1011,0.0955,0.0997,483786.15764951,0.0,,0.0948,2024-04-10,0.0,0.0997,0.669,5.7101303911735215,False,,,,,,,,,,,,,,,,,,,,
2023-10-21,0.0996,0.1039,0.0985,0.1033,235635.93580719,0.0,,0.0948,2024-04-10,0.0,0.1033,0.669,5.4762826718296225,False,,,,,,,,,,,,,,,,,,,,
2023-10-22,0.1035,0.1073,0.1021,0.1026,182551.94545706,0.0,,0.0948,2024-04-10,0.0,0.1026,0.669,5.5204678362573105,False,,,,,,,,,,,,,,,,,,,,
2023-10-23,0.1026,0.1076,0.1024,0.1046,1442970.23832304,0.0,,0.0948,2024-04-10,0.0,0.1046,0.669,5.395793499043977,False,,,,,,,,,,,,,,,,,,,,
2023-10-24,0.1048,0.1143,0.1047,0.1072,482108.93465622,0.0,,0.0948,2024-04-10,0.0,0.1072,0.669,5.240671641791045,False,,,,,,,,,,,,,,,,,,,,
2023-10-25,0.1074,0.1163,0.1061,0.1138,355956.2240981203,0.0,,0.0948,2024-04-10,0.0,0.1138,0.669,4.878734622144113,False,,,,,,,,,,,,,,,,,,,,
2023-10-26,0.1136,0.1176,0.1041,0.1073,2786438.57147969,0.0,,0.0948,2024-04-10,0.0,0.1073,0.669,5.234855545200372,False,,,,,,,,,,,,,,,,,,,,
2023-10-27,0.1073,0.1092,0.1052,0.1066,7431071.69756932,0.0,,0.0948,2024-04-10,0.0,0.1066,0.669,5.275797373358349,False,,,,,,,,,,,,,,,,,,,,
2023-10-28,0.1066,0.1122,0.1043,0.11,6807634.42542478,0.0,,0.0948,2024-04-10,0.0,0.11,0.669,5.081818181818182,False,,,,,,,,,,,,,,,,,,,,
2023-10-29,0.11,0.112,0.108,0.1112,5150127.00833349,0.0,,0.0948,2024-04-10,0.0,0.1112,0.669,5.016187050359713,False,,,,,,,,,,,,,,,,,,,,
2023-10-30,0.1112,0.1142,0.1094,0.1123,6002424.10656659,0.0,,0.0948,2024-04-10,0.0,0.1123,0.669,4.957257346393589,False,,,,,,,,,,,,,,,,,,,,
2023-10-31,0.1123,0.1172,0.1068,0.1086,355193.5763729,0.0,,0.0948,2024-04-10,0.0,0.1086,0.669,5.1602209944751385,False,,,,,,,,,,,,,,,,,,,,
2023-11-01,0.1085,0.1129,0.106,0.1077,2703603.59847044,0.0,,0.0948,2024-04-10,0.0,0.1077,0.669,5.211699164345404,False,,,,,,,,,,,,,,,,,,,,
2023-11-02,0.1076,0.1183,0.1073,0.1098,7342492.95864579,0.0,,0.0948,2024-04-10,0.0,0.1098,0.669,5.092896174863388,False,,,,,,,,,,,,,,,,,,,,
2023-11-03,0.1098,0.1108,0.1066,0.1102,5111029.62700293,0.0,,0.0948,2024-04-10,0.0,0.1102,0.669,5.070780399274047,True,,,,,,,,,,,,,,,,,,,,
2023-11-04,0.11,0.1128,0.1082,0.1108,180795.2451089,0.0,,0.0948,2024-04-10,0.0,0.1108,0.669,5.037906137184116,False,,,,,,,,,,,,,,,,,,,,
2023-11-05,0.1109,0.1232,0.1107,0.116,454162.63004818605,1.0,,0.0948,2024-04-10,0.0,0.116,0.669,4.767241379310345,False,,,,,,,,,,,,,,,1.0,0.9088861824948964,10/1,9.975283743707422,0.052353528517114764,0.0
2023-11-06,0.1159,0.1242,0.1141,0.1217,311844.92649565,1.0,,0.0948,2024-04-10,0.0,0.1217,0.669,4.497124075595727,False,,,,,,,,,,,,,,,1.0,0.9088861824948964,10/1,9.975283743707422,0.1051643835075291,0.0
2023-11-07,0.1218,0.126,0.1177,0.1189,3733573.49345972,1.0,,0.09802833333333333,2024-04-10,0.0,0.1189,0.669,4.626576955424727,False,,,,,,,,,,,,,,,1.0,0.8178135753822139,9/2,4.488883171068912,0.0787687176498689,0.023007395234182382
2023-11-08,0.1187,0.1297,0.1166,0.1281,4925206.3769841,1.0,,0.09531,2024-04-10,0.0,0.1281,0.669,4.222482435597191,False,,,,,,,,,,,,,,,1.0,0.9088861824948964,10/1,9.975283743707422,0.1612005250433,0.0
2023-11-09,0.1282,0.1313,0.1253,0.1261,8040196.346098647,1.0,,0.10404916666666666,2024-04-10,0.0,0.1261,0.669,4.305313243457574,False,,,,,,,,,,,,,,,1.0,0.8178135753822139,9/2,4.488883171068912,0.14495848459909114,0.015612802498048417
2023-11-10,0.1261,0.1265,0.108,0.1207,6385736.46675453,0.0,,0.10266749999999998,2024-04-10,0.0,0.1207,0.669,4.542667771333886,False,,,,,,,,,,,,,,,,,,,,
2023-11-11,0.1207,0.1331,0.1205,0.1289,8162511.623824471,1.0,,0.0967075,2024-04-10,0.0,0.1289,0.669,4.190069821567107,False,,,,,,,,,,,,,,,1.0,0.9088861824948964,10/1,9.975283743707422,0.07187645113273369,0.0
2023-11-12,0.1289,0.1369,0.1261,0.131,8053862.71352261,1.0,,0.10448749999999998,2024-04-10,0.0,0.131,0.669,4.106870229007634,False,,,,,,,,,,,,,,,1.0,0.9088861824948964,10/1,9.975283743707422,0.07132737511548845,0.0
2023-11-13,0.1311,0.1584,0.1283,0.1493,9121824.165842015,1.0,,0.10619666666666666,2024-04-10,0.0,0.1493,0.669,3.4809109176155397,True,,,,,,,,,,,,,,,1.0,0.9088861824948964,10/1,9.975283743707422,0.20020241768208674,0.0
2023-11-14,0.1493,0.1701,0.1414,0.1537,8552654.89425433,1.0,,0.12292166666666665,2024-04-10,0.0,0.1537,0.669,3.3526350032530905,True,,,,,,,,,,,,,,,1.0,0.9088861824948964,10/1,9.975283743707422,0.2410910158153009,0.0
2023-11-15,0.1537,0.1692,0.1427,0.1567,13915262.39433428,0.0,,0.12615500000000002,2024-04-10,0.0,0.1567,0.669,3.2693044033184426,False,,,,,,,,,,,,,,,,,,,,
2023-11-16,0.1566,0.175,0.1526,0.1541,15070416.11053486,1.0,,0.12923666666666667,2024-04-10,0.0,0.1541,0.669,3.3413367942894228,False,,,,,,,,,,,,,,,1.0,0.8178135753822139,9/2,4.488883171068912,0.2308371815012878,0.01659221442246339
2023-11-17,0.1541,0.1583,0.1371,0.1377,14702909.72867366,0.0,,0.1263858333333333,2024-04-10,0.0,0.1377,0.669,3.8583877995642712,False,,,,,,,,,,,,,,,,,,,,
2023-11-18,0.1379,0.1501,0.1324,0.1404,12900128.741876565,0.0,,0.10922749999999999,2024-04-10,0.0,0.1404,0.669,3.764957264957265,False,,,,,,,,,,,,,,,,,,,,
2023-11-19,0.1406,0.148,0.1388,0.1429,13397221.79624718,0.0,,0.11120416666666666,2024-04-10,0.0,0.1429,0.669,3.6815955213435974,True,,,,,,,,,,,,,,,,,,,,
2023-11-20,0.1429,0.1684,0.1417,0.1662,8698643.31039171,0.0,,0.11366916666666667,2024-04-10,0.0,0.1662,0.669,3.025270758122744,True,,,,,,,,,,,,,,,,,,,,
2023-11-21,0.1662,0.1852,0.152,0.159,13677001.54573081,1.0,,0.13595416666666665,2024-04-10,0.0,0.159,0.669,3.2075471698113214,False,,,,,,,,,,,,,,,1.0,0.0,9/2,4.488883171068912,0.06418431176595463,0.04332129963898912
2023-11-22,0.1588,0.1756,0.1457,0.1729,15394050.46725084,0.0,,0.12700416666666667,2024-04-10,0.0,0.1729,0.669,2.8692886061307115,True,,,,,,,,,,,,,,,,,,,,
2023-11-23,0.173,0.2099,0.1719,0.1992,18844002.31705809,1.0,0.30160915278353184,0.13938166666666665,2024-04-10,0.0,0.1992,0.669,2.3584337349397595,True,0.2099,0.2375,0.13149118627918055,50.023820867079564,0.0,0.20989999999999998,,,,,,,,,1.0,0.0,10/1,9.975283743707422,0.288017006397926,0.0
2023-11-24,0.1992,0.2487,0.1912,0.2397,16156103.265303202,1.0,0.34381887064111216,0.16361083333333332,2024-04-10,0.0,0.2397,0.669,1.7909887359199002,False,,,,,1.4907098618389654,,,,,,,,,,1.0,0.0,10/1,9.975283743707422,0.5438453848761748,0.0
2023-11-25,0.2397,0.2585,0.2193,0.2316,20204964.37309674,1.0,0.3828838105447435,0.20103083333333333,2024-04-10,0.0,0.2316,0.669,1.88860103626943,False,,,,,1.0855169128156206,,,,,,,,,,1.0,0.0,9/2,4.488883171068912,0.48855667227192556,0.03379224030037542
2023-11-26,0.2316,0.2385,0.2169,0.2186,13021179.7514695,0.0,0.40313441120615534,0.19086,2024-04-10,0.0,0.2186,0.669,2.0603842634949685,False,,,,,0.43520724154359414,,,,,,,,,,,,,,,
2023-11-27,0.2186,0.2316,0.2053,0.2088,16594742.51524287,0.0,0.41755570033066985,0.17678666666666665,2024-04-10,0.0,0.2088,0.669,2.204022988505747,False,,,,,-0.055026202953783354,,,,,,,,,,,,,,,
2023-11-28,0.2088,0.261,0.2078,0.2593,22179601.97402884,1.0,0.44174288905113657,0.16570333333333334,2024-04-10,0.0,0.2593,0.669,1.5800231392209798,False,,,,,2.4711767508337346,,,,,,,,,,1.0,0.0,10/1,9.975283743707422,0.23877080961167543,0.0
2023-11-29,0.2594,0.3,0.2569,0.2619,25594250.08648514,1.0,0.4814193394709011,0.2133975,2024-04-10,0.0,0.2619,0.669,1.5544100801832759,True,0.2678,0.2375,-0.11314413741598206,85.02382086707956,2.601238685088134,0.23373449696018825,,,,,,,,,1.0,0.0,10/1,9.975283743707422,0.19779564926657142,0.0
2023-11-30,0.2623,0.2678,0.2252,0.2365,21836532.44773681,0.0,0.4998347396962746,0.2136816666666667,2024-04-10,0.0,0.2365,0.669,1.8287526427061316,False,,,,,0.23513363506431517,,,,,,,,,,,,,,,
2023-12-01,0.2365,0.264,0.2333,0.2408,18587465.96272787,0.0,0.5127478658265685,0.18605916666666666,2024-04-10,0.0,0.2408,0.669,1.7782392026578075,False,,,,,0.6007360647927555,,,,,,,,,,,,,,,
2023-12-02,0.2407,0.2642,0.2405,0.2539,17246083.59201169,0.0,0.5239083846522097,0.188965,2024-04-10,0.0,0.2539,0.669,1.6348956282000788,True,0.2642,0.2375,-0.10105980317940955,124.76644009493725,1.714548118151498,0.24343886045709554,,,,,,,,,,,,,,
2023-12-03,0.2539,0.29,0.2527,0.2634,24107061.77309076,0.0,0.5398275599810217,0.20097416666666668,2024-04-10,0.0,0.2634,0.669,1.5398633257403187,True,0.29,0.2375,-0.18103448275862066,160.97333664666138,2.4904803210064728,0.253911615746133,,,,,,,,,,,,,,
2023-12-04,0.2635,0.3058,0.2604,0.2692,25281020.04091619,1.0,0.55844607309001,0.20870083333333334,2024-04-10,0.0,0.2692,0.669,1.4851411589895989,False,,,,,2.4610222252812406,,,,,,,,,,1.0,0.0,10/1,9.975283743707422,0.08809713456725557,0.0
2023-12-05,0.2693,0.3163,0.2662,0.2915,27270916.05938848,1.0,0.579230627886177,0.212115,2024-04-10,0.0,0.2915,0.669,1.2950257289879934,False,,,,,6.050727632501776,,,,,,,,,,1.0,0.0,10/1,9.975283743707422,0.14021737874233978,0.0
2023-12-06,0.2912,0.3157,0.2743,0.2855,28531197.97772686,0.0,0.595542598723865,0.2316325,2024-04-10,0.0,0.2855,0.669,1.343257443082312,False,,,,,5.084887612621813,,,,,,,,,,,,,,,
2023-12-07,0.2855,0.29,0.2607,0.2841,29746637.32774173,0.0,0.6000331294129395,0.22333999999999998,2024-04-10,0.0,0.2841,0.669,1.3548046462513201,False,,,,,4.859524941316494,,,,,,,,,,,,,,,
2023-12-08,0.284,0.2863,0.2706,0.2757,30227089.90082677,0.0,0.6016218006529157,0.2204,2024-04-10,0.0,0.2757,0.669,1.426550598476605,False,,,,,3.5073489134845346,,,,,,,,,,,,,,,
2023-12-09,0.2756,0.2835,0.27,0.2738,27562914.66645419,0.0,0.6002663788564104,0.21160916666666668,2024-04-10,0.0,0.2738,0.669,1.4433893352812275,False,,,,,3.2014995738558696,,,,,,,,,,,,,,,
2023-12-10,0.2738,0.2769,0.2539,0.2627,25046732.03700672,0.0,0.5933698251613233,0.20913166666666666,2024-04-10,0.0,0.2627,0.669,1.5466311381804343,False,,,,,1.4146955370779324,,,,,,,,,,,,,,,
2023-12-11,0.2626,0.2665,0.2182,0.2375,24924432.09745748,0.0,0.583808051605963,0.19701666666666667,2024-04-10,0.0,0.2375,0.669,1.816842105263158,False,,,,,-2.6418325464179304,,,,,,,,,,,,,,,
2023-12-12,0.2373,0.2529,0.2287,0.2408,23732373.41745373,0.0,0.5711516337760392,0.16920916666666666,2024-04-10,0.0,0.2408,0.669,1.7782392026578075,False,,,,,-2.110620535483946,,,,,,,,,,,,,,,
2023-12-13,0.2407,0.2415,0.21,0.228,27199408.325126957,0.0,0.5621182352359074,0.1712958333333333,2024-04-10,0.0,0.228,0.669,1.9342105263157894,False,,,,,-2.6418325464179304,,,,,,,,,,,,,,,
2023-12-14,0.2279,0.2529,0.2236,0.2406,26411390.59124564,0.0,0.5555628032904059,0.15679833333333335,2024-04-10,0.0,0.2406,0.669,1.7805486284289276,False,,,,,-2.6418325464179304,,,,,,,,,,,,,,,
2023-12-15,0.2398,0.2571,0.2276,0.233,26791436.49951039,0.0,0.5478612204537652,0.1677941666666667,2024-04-10,0.0,0.233,0.669,1.871244635193133,False,,,,,-2.6418325464179304,,,,,,,,,,,,,,,
2023-12-16,0.2328,0.244,0.222,0.2404,28310946.9478649,0.0,0.5397195239796524,0.15879416666666668,2024-04-10,0.0,0.2404,0.669,1.7828618968386025,False,,,,,-2.6418325464179304,,,,,,,,,,,,,,,
2023-12-17,0.2399,0.2529,0.2258,0.232,30891278.17023927,0.0,0.5251043204295962,0.165325,2024-04-10,0.0,0.232,0.669,1.8836206896551726,False,,,,,-2.6418325464179304,,,,,,,,,,,,,,,
2023-12-18,0.2317,0.2427,0.2064,0.2255,30641777.70249792,0.0,0.5040239122225791,0.15554833333333334,2024-04-10,0.0,0.2255,0.669,1.966740576496674,False,,,,,-2.6418325464179304,,,,,,,,,,,,,,,
2023-12-19,0.2253,0.3715,0.2243,0.364,28900721.25911257,1.0,0.5145651462860763,0.1479225,2024-04-10,0.0,0.364,0.669,0.837912087912088,False,,,,,-2.6418325464179304,,,,,,,,,,1.0,0.0,10/1,9.975283743707422,0.5469216769079583,0.0
2023-12-20,0.364,0.3848,0.32,0.3544,28123717.44082119,1.0,0.5345049790521244,0.2781625,2024-04-10,0.0,0.3544,0.669,0.8876975169300227,False,,,,,-2.6418325464179304,,,,,,,,,,1.0,0.0,9/2,4.488883171068912,0.5025586784376834,0.02637362637362639
2023-12-21,0.3544,0.412,0.3512,0.3796,29532099.21103372,1.0,0.5691408873400838,0.2650975,2024-04-10,0.0,0.3796,0.669,0.7623814541622762,False,,,,,-2.6418325464179304,,,,,,,,,,1.0,0.0,10/1,9.975283743707422,0.6173313953801759,0.0
2023-12-22,0.3794,0.3936,0.3311,0.3521,28006440.79635081,0.0,0.5814594781554365,0.28705416666666667,2024-04-10,0.0,0.3521,0.669,0.9000284010224369,False,,,,,-2.6418325464179304,,,,,,,,,,,,,,,
2023-12-23,0.3522,0.3714,0.3419,0.3529,27776349.29038818,0.0,0.5903486521396483,0.2562116666666667,2024-04-10,0.0,0.3529,0.669,0.8957211674695382,False,,,,,-2.6418325464179304,,,,,,,,,,,,,,,
2023-12-24,0.3529,0.3757,0.3219,0.3495,28227025.68452695,0.0,0.6058452532313674,0.2558566666666667,2024-04-10,0.0,0.3495,0.669,0.9141630901287556,False,,,,,-2.6418325464179304,,,,,,,,,,,,,,,
2023-12-25,0.3495,0.4034,0.3463,0.3888,27733531.27361812,0.0,0.6308062499091667,0.24991333333333332,2024-04-10,0.0,0.3888,0.669,0.7206790123456792,False,,,,,-2.6418325464179304,,,,,,,,,,,,,,,
2023-12-26,0.389,0.4924,0.3771,0.435,26219226.166843347,1.0,0.6951173808533594,0.28667,2024-04-10,0.0,0.435,0.669,0.5379310344827588,False,,,,,-2.6418325464179304,,,,,,,,,,1.0,0.0,10/1,9.975283743707422,0.20317432553957693,0.0
2023-12-27,0.435,0.5194,0.4044,0.4544,27999043.113036618,1.0,0.760428720214688,0.3263775,2024-04-10,0.0,0.4544,0.669,0.4722711267605635,False,,,,,-2.6418325464179304,,,,,,,,,,1.0,0.0,10/1,9.975283743707422,0.23500216683283695,0.0
2023-12-28,0.4545,0.4973,0.4302,0.4592,26689799.577250894,0.0,0.8062253021882089,0.33953000000000005,2024-04-10,0.0,0.4592,0.669,0.4568815331010454,False,,,,,-2.6418325464179304,,,,,,,,,,,,,,,
2023-12-29,0.4592,0.58,0.431,0.5439,29180157.37668697,1.0,0.8905020235048848,0.34064916666666667,2024-04-10,0.0,0.5439,0.669,0.23000551571980132,False,,,,,-2.6418325464179304,,,,,,,,,,1.0,0.0,10/1,9.975283743707422,0.5082165869941964,0.0
2023-12-30,0.5439,0.5796,0.5123,0.5456,29647623.49774097,0.0,0.9577092048603828,0.41693750000000007,2024-04-10,0.0,0.5456,0.669,0.22617302052785937,False,,,,,-2.6418325464179304,,,,,,,,,,,,,,,
2023-12-31,0.5455,0.6324,0.5452,0.5829,24414980.23203729,1.0,1.0398380365194495,0.41531833333333334,2024-04-10,0.0,0.5829,0.669,0.14770972722593934,False,,,,,-2.6418325464179304,,,,,,,,,,1.0,0.0,10/1,9.975283743707422,0.5574026759822137,0.0
2024-01-01,0.5829,0.6536,0.551,0.6516,28247186.636724688,1.0,1.1183816067157788,0.44793416666666663,2024-04-10,0.0,0.6516,0.669,0.026703499079189896,True,0.6536,0.6415,-0.018512851897184768,16.064871481028153,-2.6418325464179304,0.6536,,,,,,,,,1.0,0.0,10/1,9.975283743707422,0.37865480358461656,0.0
2024-01-02,0.6517,0.7976,0.6508,0.7392,42088195.25467144,1.0,1.2646315385120588,0.5112908333333333,2024-04-10,0.0,0.7392,0.669,-0.09496753246753242,True,0.7919,0.6415,-0.1899229700719789,29.22936496146948,-1.2666795476419281,0.715888368246968,,,,,,,,,1.0,0.0,10/1,9.975283743707422,0.48191221596480877,0.0
2024-01-03,0.7389,0.7919,0.5418,0.7884,61242617.5183844,0.0,1.3818814258971983,0.5905725,2024-04-10,0.0,0.7884,0.669,-0.15144596651445963,False,,,,,-0.5223635979568826,,,,,,,,,,,,,,,
2024-01-04,0.7894,0.9421,0.7423,0.8357,63443219.5557139,1.0,1.5621411600772448,0.6254516666666667,2024-04-10,0.0,0.8357,0.669,-0.1994734952734234,False,,,,,0.8601853647206212,,,,,,,,,,1.0,0.0,10/1,9.975283743707422,0.5245606040676225,0.0
2024-01-05,0.8356,0.85,0.6875,0.7188,61991543.93749166,0.0,1.6651348583150551,0.6618258333333333,2024-04-10,0.0,0.7188,0.669,-0.06928213689482465,False,,,,,-2.556727399275161,,,,,,,,,,,,,,,
2024-01-06,0.7189,0.7329,0.6023,0.6415,59742990.09480719,0.0,1.7083774447391038,0.5360358333333333,2024-04-10,0.0,0.6415,0.669,0.042868277474668925,False,,,,,-4.81615731079674,,,,,,,,,,,,,,,
2024-01-07,0.6416,0.701,0.6269,0.6848,45424979.70796945,0.0,1.7353174695946854,0.4516016666666667,2024-04-10,0.0,0.6848,0.669,-0.023072429906541903,False,,,,,-3.5505258079651156,,,,,,,,,,,,,,,
2024-01-08,0.6849,0.7213,0.58,0.6796,30141406.19118163,0.0,1.761293728263032,0.49134333333333335,2024-04-10,0.0,0.6796,0.669,-0.015597410241318332,False,,,,,-4.81615731079674,,,,,,,,,,,,,,,
2024-01-09,0.6795,0.754,0.6557,0.7124,35836244.19691257,0.0,1.7884782133653252,0.47825083333333335,2024-04-10,0.0,0.7124,0.669,-0.06092083099382373,False,,,,,-4.81615731079674,,,,,,,,,,,,,,,
2024-01-10,0.7125,0.7196,0.6268,0.6501,39444145.56728466,0.0,1.7977022385970325,0.5063958333333334,2024-04-10,0.0,0.6501,0.669,0.029072450392247484,False,,,,,-4.81615731079674,,,,,,,,,,,,,,,
2024-01-11,0.65,0.8131,0.6401,0.7376,51405285.812371,0.0,1.8215730885213754,0.4394175,2024-04-10,0.0,0.7376,0.669,-0.09300433839479394,False,,,,,-4.81615731079674,,,,,,,,,,,,,,,
2024-01-12,0.7376,0.7691,0.6951,0.6976,46270065.16532537,0.0,1.8206223060478286,0.5174558333333333,2024-04-10,0.0,0.6976,0.669,-0.040997706422018276,False,,,,,-4.81615731079674,,,,,,,,,,,,,,,
2024-01-13,0.6967,0.73,0.6421,0.7211,44700985.20992162,0.0,1.8049842254011454,0.47489499999999996,2024-04-10,0.0,0.7211,0.669,-0.07225072805436128,False,,,,,-4.81615731079674,,,,,,,,,,,,,,,
2024-01-14,0.7211,0.7569,0.6966,0.7225,34953895.39398584,0.0,1.787340005865778,0.4949416666666666,2024-04-10,0.0,0.7225,0.669,-0.07404844290657442,False,,,,,-4.81615731079674,,,,,,,,,,,,,,,
2024-01-15,0.7227,0.7581,0.6901,0.7033,36434245.38186271,0.0,1.7555900658931667,0.4943700000000001,2024-04-10,0.0,0.7033,0.669,-0.04877008389023174,False,,,,,-4.81615731079674,,,,,,,,,,,,,,,
2024-01-16,0.7033,0.8655,0.7015,0.8002,37071433.20340396,0.0,1.7419321335014375,0.47251000000000004,2024-04-10,0.0,0.8002,0.669,-0.1639590102474381,False,,,,,-4.81615731079674,,,,,,,,,,,,,,,
2024-01-17,0.8004,0.845,0.7613,0.8291,37771166.06339604,0.0,1.7026935459966128,0.56108,2024-04-10,0.0,0.8291,0.669,-0.19310095284042927,False,,,,,-4.81615731079674,,,,,,,,,,,,,,,
2024-01-18,0.8293,0.874,0.7577,0.7631,36687054.90134639,0.0,1.7039846445693012,0.5861299999999999,2024-04-10,0.0,0.7631,0.669,-0.12331280304023062,False,,,,,-4.81615731079674,,,,,,,,,,,,,,,
2024-01-19,0.7632,0.7644,0.6965,0.6976,38573115.89428711,0.0,1.6757810936126545,0.5138825,2024-04-10,0.0,0.6976,0.669,-0.040997706422018276,False,,,,,-4.81615731079674,,,,,,,,,,,,,,,
2024-01-20,0.6976,0.714,0.6545,0.6678,36703889.72932752,0.0,1.6432223869557174,0.4459791666666667,2024-04-10,0.0,0.6678,0.669,0.0017969451931716396,False,,,,,-4.81615731079674,,,,,,,,,,,,,,,
2024-01-21,0.6678,0.6959,0.6671,0.6714,29922414.82015679,0.0,1.5970087427987716,0.414645,2024-04-10,0.0,0.6714,0.669,-0.003574620196604039,False,,,,,-4.81615731079674,,,,,,,,,,,,,,,
2024-01-22,0.6717,0.6732,0.5847,0.6008,25260646.13827264,0.0,1.5326409057875745,0.4183091666666666,2024-04-10,0.0,0.6008,0.669,0.11351531291611194,False,,,,,-4.81615731079674,,,,,,,,,,,,,,,
2024-01-23,0.601,0.626,0.5626,0.6043,32544797.43119337,0.0,1.461238597172807,0.3447633333333333,2024-04-10,0.0,0.6043,0.669,0.10706602680787713,False,,,,,-4.81615731079674,,,,,,,,,,,,,,,
2024-01-24,0.6042,0.6685,0.594,0.6399,36980395.43258101,0.0,1.3882868209424108,0.34791916666666667,2024-04-10,0.0,0.6399,0.669,0.04547585560243794,False,,,,,-4.81615731079674,,,,,,,,,,,,,,,
2024-01-25,0.64,0.6604,0.5924,0.6034,32625305.524402075,0.0,1.3476310987887339,0.3814600000000001,2024-04-10,0.0,0.6034,0.669,0.10871726881007615,False,,,,,-4.81615731079674,,,,,,,,,,,,,,,
2024-01-26,0.6033,0.645,0.595,0.643,32058976.33533741,0.0,1.31510335773452,0.4044,2024-04-10,0.0,0.643,0.669,0.04043545878693622,False,,,,,-4.81615731079674,,,,,,,,,,,,,,,
2024-01-27,0.643,0.6813,0.633,0.6395,33535832.00206943,0.0,1.2637119916565744,0.4302,2024-04-10,0.0,0.6395,0.669,0.04612978889757646,False,,,,,-4.81615731079674,,,,,,,,,,,,,,,
2024-01-28,0.6394,0.6894,0.6359,0.6511,24564204.9708536,0.0,1.24101870900151,0.431,2024-04-10,0.0,0.6511,0.669,0.027491936722469745,False,,,,,-4.81615731079674,,,,,,,,,,,,,,,
2024-01-29,0.651,0.6681,0.6376,0.6652,30028092.46391942,0.0,1.2183712666430857,0.5123,2024-04-10,0.0,0.6652,0.669,0.005712567648827438,False,,,,,-4.81615731079674,,,,,,,,,,,,,,,
2024-01-30,0.6652,0.7545,0.6616,0.7476,34175419.01619373,0.0,1.206859688539357,0.5418,2024-04-10,0.0,0.7476,0.669,-0.1051364365971108,True,0.7528,0.689,-0.08475026567481414,13.916500994035786,-4.81615731079674,0.7527999999999999,,,,,,,,,,,,,,
2024-01-31,0.748,0.7528,0.6681,0.689,32071381.01434117,0.0,1.1987660394584656,0.5418,2024-04-10,0.0,0.689,0.669,-0.029027576197387384,False,,,,,-5.70403007421622,,,,,,,,,,,,,,,
2024-02-01,0.689,0.7106,0.6175,0.6361,35217288.26383535,0.0,1.1938614100976501,0.5418,2024-04-10,0.0,0.6361,0.669,0.05172142744851449,False,,,,,-6.440212976800709,,,,,,,,,,,,,,,
2024-02-02,0.6361,0.6521,0.6263,0.6406,32931388.60572633,0.0,1.1968401862423224,0.5418,2024-04-10,0.0,0.6406,0.669,0.04433343740243534,False,,,,,-5.70403007421622,,,,,,,,,,,,,,,
2024-02-03,0.6405,0.649,0.6033,0.6111,27969363.68213953,0.0,1.1358051707900345,0.5626,2024-04-10,0.0,0.6111,0.669,0.09474717722140413,False,,,,,-5.70403007421622,,,,,,,,,,,,,,,
2024-02-04,0.6111,0.6279,0.6039,0.6135,18325572.89069567,0.0,1.1196167257499332,0.5626,2024-04-10,0.0,0.6135,0.669,0.09046454767726164,False,,,,,-5.70403007421622,,,,,,,,,,,,,,,
2024-02-05,0.6135,0.6477,0.5823,0.6144,19517307.94326668,0.0,1.1248784491143065,0.5626,2024-04-10,0.0,0.6144,0.669,0.08886718750000022,False,,,,,-5.70403007421622,,,,,,,,,,,,,,,
2024-02-06,0.6144,0.6198,0.5925,0.6026,20909675.88040056,0.0,1.136316239839437,0.5626,2024-04-10,0.0,0.6026,0.669,0.11018918021905089,False,,,,,-5.70403007421622,,,,,,,,,,,,,,,
2024-02-07,0.6026,0.6097,0.5796,0.5909,22408302.0271585,0.0,1.148654892198996,0.5626,2024-04-10,0.0,0.5909,0.669,0.13217126417329506,False,,,,,-5.70403007421622,,,,,,,,,,,,,,,
2024-02-08,0.5909,0.6586,0.59,0.6523,25564400.55240606,0.0,1.1469129705177643,0.5626,2024-04-10,0.0,0.6523,0.669,0.02560171700137981,False,,,,,-5.70403007421622,,,,,,,,,,,,,,,
2024-02-09,0.6525,0.6874,0.629,0.6847,27691414.19185097,0.0,1.146385489535034,0.5626,2024-04-10,0.0,0.6847,0.669,-0.0229297502555863,False,,,,,-5.70403007421622,,,,,,,,,,,,,,,
2024-02-10,0.6845,0.7216,0.6716,0.6873,30449188.82840384,0.0,1.1274842060341248,0.5626,2024-04-10,0.0,0.6873,0.669,-0.02662592754255777,True,0.7074,0.6704,-0.0523042126095562,14.5509977827051,-5.70403007421622,0.7074,,,,,,,,,,,,,,
2024-02-11,0.6873,0.7074,0.6662,0.6704,18507822.59800535,0.0,1.1193163085144011,0.5626,2024-04-10,0.0,0.6704,0.669,-0.0020883054892600894,False,,,,,-6.242416992176317,,,,,,,,,,,,,,,
2024-02-12,0.6701,0.7028,0.6593,0.7011,22241688.03681824,0.0,1.1173496541114023,0.5626,2024-04-10,0.0,0.7011,0.669,-0.04578519469405207,False,,,,,-5.795701360247264,,,,,,,,,,,,,,,
2024-02-13,0.7011,0.7654,0.6945,0.7351,34377018.91371394,0.0,1.1191093351472379,0.5626,2024-04-10,0.0,0.7351,0.669,-0.08991973881104598,True,0.7654,0.7904,0.03266266004703433,13.718317219754377,-6.242416992176317,0.7654,,,,,,,,,,,,,,
2024-02-14,0.7351,0.8864,0.7211,0.8711,31375349.31830785,1.0,1.165974864710083,0.5626,2024-04-10,0.0,0.8711,0.669,-0.23200551027436567,False,,,,,-4.792390862048279,,,,,,,,,,1.0,0.0,10/1,9.975283743707422,0.2816926709786952,0.0
2024-02-15,0.871,0.992,0.8511,0.9376,33890339.80298496,1.0,1.2399479505236504,0.5802558333333333,2024-04-10,0.0,0.9376,0.669,-0.286476109215017,False,,,,,-3.880122766934619,,,,,,,,,,1.0,0.0,10/1,9.975283743707422,0.3941217679987173,0.0
2024-02-16,0.9376,1.0299,0.9082,0.9513,34032223.5857624,1.0,1.3353302704556325,0.6401175,2024-04-10,0.0,0.9513,0.669,-0.29675181330810463,False,,,,,-3.692181821023979,,,,,,,,,,1.0,0.0,10/1,9.975283743707422,0.4061188645272724,0.0
2024-02-17,0.9529,0.9669,0.8932,0.907,29069081.6716938,0.0,1.3748981385811303,0.6488358333333334,2024-04-10,0.0,0.907,0.669,-0.2624035281146637,False,,,,,-4.299903273859101,,,,,,,,,,,,,,,
2024-02-18,0.907,0.9918,0.8845,0.9766,25416108.16047114,0.0,1.4456277123938248,0.6088233333333334,2024-04-10,0.0,0.9766,0.669,-0.31497030514028257,True,0.9918,0.7904,-0.2030651340996169,24.305129076983658,-3.3451083953641927,0.8640151604825859,,,,,,,,,,,,,,
2024-02-19,0.9765,1.0387,0.9367,0.9559,26190433.17053541,1.0,1.5324658674385891,0.6759441666666666,2024-04-10,0.0,0.9559,0.669,-0.3001359974892771,False,,,,,-4.009144107487643,,,,,,,,,,1.0,0.0,9/2,4.488883171068912,0.37023360755921986,0.021195986074134754
2024-02-20,0.9558,0.9614,0.8555,0.9067,32486764.861728948,0.0,1.5758316429396158,0.6528408333333333,2024-04-10,0.0,0.9067,0.669,-0.26215947943090323,False,,,,,-5.20495645807523,,,,,,,,,,,,,,,
2024-02-21,0.9068,0.945,0.8349,0.8555,36673584.10443546,0.0,1.6075582389174738,0.6011091666666666,2024-04-10,0.0,0.8555,0.669,-0.21800116890707188,False,,,,,-6.449379066816789,,,,,,,,,,,,,,,
2024-02-22,0.8553,0.8876,0.8207,0.8481,33095491.25602876,0.0,1.614431544366432,0.5626,2024-04-10,0.0,0.8481,0.669,-0.2111779271312344,False,,,,,-6.629237021986484,,,,,,,,,,,,,,,
2024-02-23,0.8483,0.876,0.7902,0.7904,30058869.6525966,0.0,1.622198368961118,0.5796,2024-04-10,0.0,0.7904,0.669,-0.1535931174089068,False,,,,,-8.031642969728438,,,,,,,,,,,,,,,
2024-02-24,0.7906,0.8607,0.7702,0.8603,29011523.89428292,0.0,1.6242674909963597,0.5796,2024-04-10,0.0,0.8603,0.669,-0.22236429152621173,False,,,,,-6.33271444724727,,,,,,,,,,,,,,,
2024-02-25,0.8602,0.8735,0.8233,0.8267,22556723.2588294,0.0,1.6237378108403213,0.5796,2024-04-10,0.0,0.8267,0.669,-0.1907584371597919,False,,,,,-8.031642969728438,,,,,,,,,,,,,,,
2024-02-26,0.8267,0.8398,0.7879,0.8392,24553300.69874578,0.0,1.6221029649136427,0.5796,2024-04-10,0.0,0.8392,0.669,-0.20281220209723538,False,,,,,-8.031642969728438,,,,,,,,,,,,,,,
2024-02-27,0.8373,0.9354,0.8353,0.8787,40354917.0891467,0.0,1.6361047231844008,0.5796,2024-04-10,0.0,0.8787,0.669,-0.2386480027313076,False,,,,,-8.031642969728438,,,,,,,,,,,,,,,
2024-02-28,0.8787,0.9371,0.8626,0.8903,39447758.75125134,0.0,1.6440448221977082,0.5796,2024-04-10,0.0,0.8903,0.669,-0.24856789846119276,False,,,,,-8.031642969728438,,,,,,,,,,,,,,,
2024-02-29,0.8905,0.9174,0.8111,0.9023,57947693.70565856,0.0,1.6551713457722197,0.5861149999999999,2024-04-10,0.0,0.9023,0.669,-0.25856145406184194,False,,,,,-8.031642969728438,,,,,,,,,,,,,,,
2024-03-01,0.9025,0.9081,0.815,0.852,47942606.30377989,0.0,1.6632760776592872,0.5970008333333334,2024-04-10,0.0,0.852,0.669,-0.21478873239436613,False,,,,,-8.031642969728438,,,,,,,,,,,,,,,
2024-03-02,0.8523,0.8741,0.8282,0.8348,42172235.63860689,0.0,1.661318647895044,0.5796,2024-04-10,0.0,0.8348,0.669,-0.19861044561571628,False,,,,,-8.031642969728438,,,,,,,,,,,,,,,
2024-03-03,0.8349,0.8701,0.7664,0.8306,42336171.75958147,0.0,1.6461849118590426,0.5796,2024-04-10,0.0,0.8306,0.669,-0.19455815073440885,False,,,,,-8.031642969728438,,,,,,,,,,,,,,,
2024-03-04,0.8301,0.86,0.7767,0.8139,47083469.79234987,0.0,1.6263663937723933,0.5796,2024-04-10,0.0,0.8139,0.669,-0.17803169922594908,False,,,,,-8.031642969728438,,,,,,,,,,,,,,,
2024-03-05,0.8124,0.818,0.7557,0.7719,53944464.79354805,0.0,1.5957555943522714,0.5796,2024-04-10,0.0,0.7719,0.669,-0.13330742324135247,False,,,,,-8.031642969728438,,,,,,,,,,,,,,,
2024-03-06,0.7715,0.7799,0.6202,0.7179,46863809.57194097,0.0,1.5700497241091145,0.5796,2024-04-10,0.0,0.7179,0.669,-0.06811533639782696,False,,,,,-8.031642969728438,,,,,,,,,,,,,,,
2024-03-07,0.718,0.8462,0.7106,0.8096,9656206.13322857,0.0,1.5284341499361513,0.5796,2024-04-10,0.0,0.8096,0.669,-0.1736660079051383,False,,,,,-8.031642969728438,,,,,,,,,,,,,,,
2024-03-08,0.809,0.9559,0.7943,0.8785,7928209.819792818,0.0,1.4856556533939298,0.5796,2024-04-10,0.0,0.8785,0.669,-0.2384746727376209,False,,,,,-8.031642969728438,,,,,,,,,,,,,,,
2024-03-09,0.8785,0.9724,0.8634,0.9716,7951315.02942908,0.0,1.4572067555199382,0.5943525,2024-04-10,0.0,0.9716,0.669,-0.31144503911074517,False,,,,,-8.031642969728438,,,,,,,,,,,,,,,
2024-03-10,0.9716,0.9756,0.8563,0.8632,5758854.93461685,0.0,1.4325568021072956,0.6868283333333334,2024-04-10,0.0,0.8632,0.669,-0.22497683039851712,False,,,,,-8.031642969728438,,,,,,,,,,,,,,,
2024-03-11,0.8633,0.8837,0.81,0.8629,7007549.450954381,0.0,1.4035093153590275,0.6202,2024-04-10,0.0,0.8629,0.669,-0.22470738208367125,False,,,,,-8.031642969728438,,,,,,,,,,,,,,,
2024-03-12,0.8625,0.9437,0.8332,0.925,8160654.9600964,0.0,1.3669018411403417,0.6202,2024-04-10,0.0,0.925,0.669,-0.2767567567567567,False,,,,,-8.031642969728438,,,,,,,,,,,,,,,
2024-03-13,0.9242,0.9597,0.835,0.8996,7913768.047062966,0.0,1.3196968482093272,0.6423458333333334,2024-04-10,0.0,0.8996,0.669,-0.25633614939973315,False,,,,,-8.031642969728438,,,,,,,,,,,,,,,
2024-03-14,0.8997,0.9055,0.8231,0.8347,7040482.94494383,0.0,1.2893409827379592,0.6202,2024-04-10,0.0,0.8347,0.669,-0.1985144363244279,False,,,,,-8.031642969728438,,,,,,,,,,,,,,,
2024-03-15,0.8346,0.9324,0.7793,0.8861,10075698.583632547,0.0,1.2896805948834638,0.6202,2024-04-10,0.0,0.8861,0.669,-0.24500620697438202,False,,,,,-8.031642969728438,,,,,,,,,,,,,,,
2024-03-16,0.8861,1.1448,0.8705,1.0103,8853727.057870673,1.0,1.3638301976159908,0.6202,2024-04-10,0.0,1.0103,0.669,-0.3378204493714738,False,,,,,-8.031642969728438,,,,,,,,,,1.0,0.0,10/1,9.975283743707422,0.15275676497909285,0.0
2024-03-17,1.0097,1.0104,0.8283,0.8883,7277495.61807508,0.0,1.357796621300264,0.7128116666666666,2024-04-10,0.0,0.8883,0.669,-0.24687605538669366,False,,,,,-8.031642969728438,,,,,,,,,,,,,,,
2024-03-18,0.8879,0.9178,0.8135,0.834,6450482.6526608,0.0,1.3532419022926736,0.6202,2024-04-10,0.0,0.834,0.669,-0.19784172661870492,False,,,,,-8.031642969728438,,,,,,,,,,,,,,,
2024-03-19,0.834,0.8832,0.75,0.8744,7870567.54450079,0.0,1.3437992834398311,0.6202,2024-04-10,0.0,0.8744,0.669,-0.23490393412625787,False,,,,,-8.031642969728438,,,,,,,,,,,,,,,
2024-03-20,0.8745,0.8793,0.7679,0.7988,7567182.19210853,0.0,1.3173133107595374,0.6202,2024-04-10,0.0,0.7988,0.669,-0.16249374061091626,False,,,,,-8.031642969728438,,,,,,,,,,,,,,,
2024-03-21,0.7988,0.8842,0.7618,0.8294,7710041.82250372,0.0,1.3118311984920688,0.6202,2024-04-10,0.0,0.8294,0.669,-0.19339281408246922,False,,,,,-8.031642969728438,,,,,,,,,,,,,,,
2024-03-22,0.8294,0.846,0.7832,0.8018,6379819.426364026,0.0,1.312208191217155,0.6202,2024-04-10,0.0,0.8018,0.669,-0.16562733848840105,False,,,,,-8.031642969728438,,,,,,,,,,,,,,,
2024-03-23,0.8018,0.824,0.775,0.8157,5860807.345782604,0.0,1.3195188237695314,0.6202,2024-04-10,0.0,0.8157,0.669,-0.1798455314453843,False,,,,,-8.031642969728438,,,,,,,,,,,,,,,
2024-03-24,0.8157,0.8266,0.79,0.8091,4817611.11418357,0.0,1.3254314068364952,0.6202,2024-04-10,0.0,0.8091,0.669,-0.1731553578049685,False,,,,,-8.031642969728438,,,,,,,,,,,,,,,
2024-03-25,0.8091,0.8476,0.7933,0.8421,5266859.09762513,0.0,1.3268279216983494,0.6202,2024-04-10,0.0,0.8421,0.669,-0.20555753473459204,False,,,,,-8.031642969728438,,,,,,,,,,,,,,,
2024-03-26,0.8422,0.8699,0.8274,0.8406,6401396.98672399,0.0,1.327023060795638,0.6202,2024-04-10,0.0,0.8406,0.669,-0.2041399000713775,False,,,,,-8.031642969728438,,,,,,,,,,,,,,,
2024-03-27,0.8405,0.894,0.8205,0.8547,6493265.36478257,0.0,1.3231564834675864,0.6202,2024-04-10,0.0,0.8547,0.669,-0.21726921726921722,False,,,,,-8.031642969728438,,,,,,,,,,,,,,,
2024-03-28,0.8548,0.9131,0.8445,0.876,6547550.9731451,0.0,1.321013343508509,0.6202,2024-04-10,0.0,0.876,0.669,-0.23630136986301364,False,,,,,-8.031642969728438,,,,,,,,,,,,,,,
2024-03-29,0.8764,0.8813,0.8257,0.8291,5443372.46698625,0.0,1.317919555751809,0.6202,2024-04-10,0.0,0.8291,0.669,-0.19310095284042927,False,,,,,-8.031642969728438,,,,,,,,,,,,,,,
2024-03-30,0.8293,0.8442,0.8221,0.8342,5228259.8335002,0.0,1.3195576483302107,0.6202,2024-04-10,0.0,0.8342,0.669,-0.19803404459362262,False,,,,,-8.031642969728438,,,,,,,,,,,,,,,
2024-03-31,0.8344,0.8397,0.8131,0.8176,4767549.44275727,0.0,1.3219591529913477,0.6202,2024-04-10,0.0,0.8176,0.669,-0.18175146771037176,False,,,,,-8.031642969728438,,,,,,,,,,,,,,,
2024-04-01,0.8174,0.8263,0.7546,0.7613,5642960.687501427,0.0,1.3266062000131553,0.6202,2024-04-10,0.0,0.7613,0.669,-0.12123998423748839,False,,,,,-8.031642969728438,,,,,,,,,,,,,,,
2024-04-02,0.7614,0.7818,0.701,0.7083,6714924.683903481,0.0,1.340361077956711,0.6202,2024-04-10,0.0,0.7083,0.669,-0.055484963998305825,False,,,,,-8.031642969728438,,,,,,,,,,,,,,,
2024-04-03,0.7083,0.7378,0.6759,0.7138,6352442.1096845,0.0,1.3659443325093785,0.6202,2024-04-10,0.0,0.7138,0.669,-0.06276267862146256,False,,,,,-8.031642969728438,,,,,,,,,,,,,,,
2024-04-04,0.7138,0.7375,0.6828,0.7261,5300673.11753072,0.0,1.3853920287286128,0.6202,2024-04-10,0.0,0.7261,0.669,-0.07863930588073254,False,,,,,-8.031642969728438,,,,,,,,,,,,,,,
2024-04-05,0.7263,0.7485,0.669,0.7005,6119750.343886856,0.0,1.3936111553848294,0.6202,2024-04-10,0.0,0.7005,0.669,-0.04496788008565311,False,,,,,-8.031642969728438,,,,,,,,,,,,,,,
2024-04-06,0.7003,0.7188,0.689,0.7105,5124032.93551201,0.0,1.4192440354338383,0.669,2024-04-10,0.0,0.7105,0.669,-0.05840957072484165,False,,,,,-8.031642969728438,,,,,,,,,,,,,,,
2024-04-07,0.7105,0.729,0.7096,0.7217,4234480.67164963,0.0,1.42878393527627,0.669,2024-04-10,0.0,0.7217,0.669,-0.07302203131495077,False,,,,,-8.031642969728438,,,,,,,,,,,,,,,
2024-04-08,0.7217,0.7521,0.7142,0.7426,4992735.35491298,0.0,1.4243983845926258,0.669,2024-04-10,0.0,0.7426,0.669,-0.0991112308106652,True,0.7521,0.6948,-0.07618667730355011,13.960909453530116,-8.031642969728438,0.7521,,,,,,,,,,,,,,
2024-04-09,0.7426,0.7533,0.6832,0.6948,6294809.27119193,0.0,1.415241347086911,0.669,2024-04-10,0.0,0.6948,0.669,-0.03713298791018993,False,,,,,-8.831603081415722,,,,,,,,,,,,,,,
2024-04-10,0.695,0.695,0.6393,0.6597,5785989.486272451,0.0,1.4354847954945897,0.669,2024-04-10,0.0,0.6597,0.669,0.014097316962255801,False,,,,,-9.321631003234614,,,,,,,,,,,,,,,
2024-04-11,0.6597,0.6802,0.6538,0.6692,5749612.9600743,0.0,1.4457384200329528,0.6393,2024-04-12,0.0,0.6692,0.6393,-0.04468021518230725,False,,,,,-8.831603081415722,,,,,,,,,,,,,,,
2024-04-12,0.6693,0.6757,0.6285,0.6285,5265319.30543601,0.0,1.447670437891437,0.6393,2024-04-12,0.0,0.6285,0.6393,0.017183770883054894,False,,,,,-8.831603081415722,,,,,,,,,,,,,,,
2024-04-13,0.6284,0.6307,0.5183,0.5559,7626052.865083923,0.0,1.4709294542877345,0.6285,2024-04-13,0.0,0.5559,0.6285,0.1305990286022667,False,,,,,-8.831603081415722,,,,,,,,,,,,,,,
2024-04-14,0.5577,0.5727,0.501,0.5289,8047029.30490625,0.0,1.5022917171315975,0.5183,2024-05-14,0.0,0.5289,0.4725,-0.10663641520136147,False,,,,,-8.831603081415722,,,,,,,,,,,,,,,
2024-04-15,0.5289,0.6134,0.5126,0.5391,6567790.355467948,0.0,1.4072525805384721,0.501,2024-05-14,0.0,0.5391,0.4725,-0.12353923205342243,False,,,,,-8.831603081415722,,,,,,,,,,,,,,,
2024-04-16,0.539,0.5439,0.4831,0.5204,6763286.65613413,0.0,1.4000273483847052,0.501,2024-05-14,0.0,0.5204,0.4725,-0.09204458109146807,False,,,,,-8.831603081415722,,,,,,,,,,,,,,,
2024-04-17,0.5205,0.5477,0.4799,0.4899,5934667.83097278,0.0,1.4161063594115795,0.4831,2024-05-14,0.0,0.4899,0.4725,-0.03551745254133498,False,,,,,-8.831603081415722,,,,,,,,,,,,,,,
2024-04-18,0.4898,0.531,0.4803,0.5234,6329319.24260125,0.0,1.4390450207923036,0.4799,2024-05-14,0.0,0.5234,0.4725,-0.09724875811998468,False,,,,,-8.831603081415722,,,,,,,,,,,,,,,
2024-04-19,0.5234,0.5786,0.4751,0.5664,6619787.32282474,0.0,1.4399525029317117,0.4799,2024-05-14,0.0,0.5664,0.4725,-0.16578389830508478,False,,,,,-8.831603081415722,,,,,,,,,,,,,,,
2024-04-20,0.5664,0.5897,0.5431,0.5896,5918707.5733153,0.0,1.4313406301442413,0.4751,2024-05-14,0.0,0.5896,0.4725,-0.19860922659430125,False,,,,,-8.831603081415722,,,,,,,,,,,,,,,
2024-04-21,0.5896,0.6116,0.5751,0.5859,4766097.82725143,0.0,1.424207443554551,0.4751,2024-05-14,0.0,0.5859,0.4725,-0.19354838709677424,False,,,,,-8.831603081415722,,,,,,,,,,,,,,,
2024-04-22,0.5859,0.6733,0.5767,0.6506,5016039.09554104,0.0,1.4125460496657374,0.4751,2024-05-14,0.0,0.6506,0.4725,-0.2737473101752229,False,,,,,-8.831603081415722,,,,,,,,,,,,,,,
2024-04-23,0.6506,0.6855,0.6397,0.6584,5387885.45061563,0.0,1.398425123151323,0.4751,2024-05-14,0.0,0.6584,0.4725,-0.28235115431348723,False,,,,,-8.831603081415722,,,,,,,,,,,,,,,
2024-04-24,0.6583,0.6609,0.5976,0.5978,5213686.66492251,0.0,1.3782665385375363,0.4751,2024-05-14,0.0,0.5978,0.4725,-0.20960187353629978,False,,,,,-8.831603081415722,,,,,,,,,,,,,,,
2024-04-25,0.5978,0.6388,0.5797,0.6353,5897302.42404892,0.0,1.3497754961627062,0.4751,2024-05-14,0.0,0.6353,0.4725,-0.2562568865103101,False,,,,,-8.831603081415722,,,,,,,,,,,,,,,
2024-04-26,0.6353,0.6588,0.5877,0.593,5819826.05210841,0.0,1.3059802386192885,0.4751,2024-05-14,0.0,0.593,0.4725,-0.20320404721753793,False,,,,,-8.831603081415722,,,,,,,,,,,,,,,
2024-04-27,0.593,0.599,0.55,0.571,5006577.57494589,0.0,1.2516510512552577,0.4751,2024-05-14,0.0,0.571,0.4725,-0.1725043782837128,False,,,,,-8.831603081415722,,,,,,,,,,,,,,,
2024-04-28,0.571,0.6225,0.567,0.6028,4826902.80873962,0.0,1.2008640676803222,0.4751,2024-05-14,0.0,0.6028,0.4725,-0.21615792966157932,False,,,,,-8.831603081415722,,,,,,,,,,,,,,,
2024-04-29,0.6028,0.6428,0.5842,0.6402,4989418.47316912,0.0,1.159208420975083,0.4751,2024-05-14,0.0,0.6402,0.4725,-0.2619493908153703,False,,,,,-8.831603081415722,,,,,,,,,,,,,,,
2024-04-30,0.64,0.6466,0.5534,0.558,5447222.17544122,0.0,1.1134518872809562,0.4751,2024-05-14,0.0,0.558,0.4725,-0.153225806451613,False,,,,,-8.831603081415722,,,,,,,,,,,,,,,
2024-05-01,0.558,0.558,0.5064,0.509,6441206.9412981,0.0,1.0787654227468058,0.4751,2024-05-14,0.0,0.509,0.4725,-0.07170923379174854,False,,,,,-8.831603081415722,,,,,,,,,,,,,,,
2024-05-02,0.5089,0.5449,0.4947,0.5402,6382033.70760016,0.0,1.061450117044917,0.4751,2024-05-14,0.0,0.5402,0.4725,-0.12532395409107744,False,,,,,-8.831603081415722,,,,,,,,,,,,,,,
2024-05-03,0.5404,0.5645,0.5268,0.5578,5280320.73708056,0.0,1.0514608629083215,0.4751,2024-05-14,0.0,0.5578,0.4725,-0.15292219433488707,False,,,,,-8.831603081415722,,,,,,,,,,,,,,,
2024-05-04,0.5583,0.5804,0.5562,0.5687,5448734.59098937,0.0,1.035947930117672,0.4751,2024-05-14,0.0,0.5687,0.4725,-0.16915772815192542,False,,,,,-8.831603081415722,,,,,,,,,,,,,,,
2024-05-05,0.5687,0.5795,0.5483,0.5728,4318995.94860491,0.0,1.0132708516825615,0.4751,2024-05-14,0.0,0.5728,0.4725,-0.175104748603352,False,,,,,-8.831603081415722,,,,,,,,,,,,,,,
2024-05-06,0.5728,0.5871,0.5462,0.5551,4710969.25045749,0.0,0.9977126544830162,0.4751,2024-05-14,0.0,0.5551,0.4725,-0.14880201765447676,False,,,,,-8.831603081415722,,,,,,,,,,,,,,,
2024-05-07,0.555,0.558,0.5308,0.5447,5529006.15134373,0.0,0.9795960400030528,0.4751,2024-05-14,0.0,0.5447,0.4725,-0.1325500275380943,False,,,,,-8.831603081415722,,,,,,,,,,,,,,,
2024-05-08,0.5447,0.5488,0.5122,0.5389,4913189.52236876,0.0,0.9476916079915854,0.4751,2024-05-14,0.0,0.5389,0.4725,-0.12321395435145677,False,,,,,-8.831603081415722,,,,,,,,,,,,,,,
2024-05-09,0.539,0.5415,0.5126,0.5256,4666161.50944916,0.0,0.9089407284512354,0.4751,2024-05-14,0.0,0.5256,0.4725,-0.10102739726027399,False,,,,,-8.831603081415722,,,,,,,,,,,,,,,
2024-05-10,0.5256,0.5484,0.5116,0.515,4869289.95486693,0.0,0.8925829939359057,0.4751,2024-05-14,0.0,0.515,0.4725,-0.08252427184466027,False,,,,,-8.831603081415722,,,,,,,,,,,,,,,
2024-05-11,0.5148,0.5211,0.4978,0.513,5015634.29623675,0.0,0.8853677850990452,0.4751,2024-05-14,0.0,0.513,0.4725,-0.07894736842105265,False,,,,,-8.831603081415722,,,,,,,,,,,,,,,
2024-05-12,0.5131,0.5144,0.4963,0.5035,3499816.57415088,0.0,0.8782204228360904,0.4751,2024-05-14,0.0,0.5035,0.4725,-0.06156901688182714,False,,,,,-8.831603081415722,,,,,,,,,,,,,,,
2024-05-13,0.5035,0.5102,0.4725,0.4926,4557789.42059284,0.0,0.8830635797199389,0.4751,2024-05-14,0.0,0.4926,0.4725,-0.0408038976857491,False,,,,,-8.831603081415722,,,,,,,,,,,,,,,
2024-05-14,0.4926,0.4992,0.4562,0.4579,5588873.37700592,0.0,0.8951769367873899,0.4725,2024-05-14,0.0,0.4579,0.4725,0.03188469098056346,False,,,,,-8.831603081415722,,,,,,,,,,,,,,,
2024-05-15,0.458,0.5181,0.4447,0.5048,5241036.80660769,0.0,0.8980116478940539,0.4562,2024-06-14,0.0,0.5048,0.4398,-0.12876386687797148,False,,,,,-8.831603081415722,,,,,,,,,,,,,,,
2024-05-16,0.5046,0.5892,0.4991,0.5521,5879079.44790346,0.0,0.8969699419272232,0.4447,2024-06-14,0.0,0.5521,0.4398,-0.20340518022097442,False,,,,,-8.831603081415722,,,,,,,,,,,,,,,
2024-05-17,0.5521,0.5688,0.5366,0.567,5349647.64234978,0.0,0.8956922538137833,0.4447,2024-06-14,0.0,0.567,0.4398,-0.22433862433862417,False,,,,,-8.831603081415722,,,,,,,,,,,,,,,
2024-05-18,0.5671,0.5731,0.5444,0.5565,4986284.13292738,0.0,0.8918771122225344,0.4447,2024-06-14,0.0,0.5565,0.4398,-0.20970350404312665,False,,,,,-8.831603081415722,,,,,,,,,,,,,,,
2024-05-19,0.5565,0.5629,0.522,0.5263,3715961.64496104,0.0,0.8921602051382123,0.4447,2024-06-14,0.0,0.5263,0.4398,-0.1643549306479194,False,,,,,-8.831603081415722,,,,,,,,,,,,,,,
2024-05-20,0.5263,0.5345,0.5098,0.5313,4340787.94142971,0.0,0.8947763798090653,0.4447,2024-06-14,0.0,0.5313,0.4398,-0.17221908526256346,False,,,,,-8.831603081415722,,,,,,,,,,,,,,,
2024-05-21,0.5313,0.5999,0.5288,0.5667,7029782.7082741,0.0,0.8932472854508192,0.4447,2024-06-14,0.0,0.5667,0.4398,-0.2239280042350449,False,,,,,-8.831603081415722,,,,,,,,,,,,,,,
2024-05-22,0.5666,0.5769,0.5442,0.5572,6156685.42900951,0.0,0.872003884696986,0.4447,2024-06-14,0.0,0.5572,0.4398,-0.2106963388370423,False,,,,,-8.831603081415722,,,,,,,,,,,,,,,
2024-05-23,0.5551,0.5592,0.512,0.5204,5886660.08088047,0.0,0.8417854890774744,0.4447,2024-06-14,0.0,0.5204,0.4398,-0.15488086087624897,False,,,,,-8.831603081415722,,,,,,,,,,,,,,,
2024-05-24,0.5204,0.5297,0.4958,0.5159,7318984.18014172,0.0,0.8224906853752345,0.4447,2024-06-14,0.0,0.5159,0.4398,-0.1475092072106997,False,,,,,-8.831603081415722,,,,,,,,,,,,,,,
2024-05-25,0.5159,0.5382,0.507,0.534,4995881.98237706,0.0,0.8085873123007734,0.4447,2024-06-14,0.0,0.534,0.4398,-0.17640449438202244,False,,,,,-8.831603081415722,,,,,,,,,,,,,,,
2024-05-26,0.534,0.5498,0.5249,0.5334,4457636.13445163,0.0,0.7813732858456635,0.4447,2024-06-14,0.0,0.5334,0.4398,-0.17547806524184473,False,,,,,-8.831603081415722,,,,,,,,,,,,,,,
2024-05-27,0.5334,0.5567,0.5295,0.5565,5066201.06005735,0.0,0.7760182534289293,0.4447,2024-06-14,0.0,0.5565,0.4398,-0.20970350404312665,False,,,,,-8.831603081415722,,,,,,,,,,,,,,,
2024-05-28,0.5565,0.5791,0.5344,0.5406,5786294.6007321,0.0,0.7641300246038076,0.4447,2024-06-14,0.0,0.5406,0.4398,-0.18645948945615975,False,,,,,-8.831603081415722,,,,,,,,,,,,,,,
2024-05-29,0.5407,0.5508,0.5181,0.5193,5307019.67107087,0.0,0.7380430828664795,0.4447,2024-06-14,0.0,0.5193,0.4398,-0.15309069901790862,False,,,,,-8.831603081415722,,,,,,,,,,,,,,,
2024-05-30,0.5193,0.5244,0.5007,0.5144,5093287.91960058,0.0,0.705711758930172,0.4447,2024-06-14,0.0,0.5144,0.4398,-0.14502332814930008,False,,,,,-8.831603081415722,,,,,,,,,,,,,,,
2024-05-31,0.5145,0.5251,0.5042,0.5062,5182872.67764259,0.0,0.7072915648906538,0.4447,2024-06-14,0.0,0.5062,0.4398,-0.13117344922955343,False,,,,,-8.831603081415722,,,,,,,,,,,,,,,
2024-06-01,0.5061,0.5118,0.4986,0.4989,4793639.85683101,0.0,0.7119362238504898,0.4447,2024-06-14,0.0,0.4989,0.4398,-0.11846061334936853,False,,,,,-8.831603081415722,,,,,,,,,,,,,,,
2024-06-02,0.4989,0.5027,0.4822,0.5023,3905542.700705973,0.0,0.7170225146718212,0.4447,2024-06-14,0.0,0.5023,0.4398,-0.12442763288871184,False,,,,,-8.831603081415722,,,,,,,,,,,,,,,
2024-06-03,0.5023,0.5193,0.4728,0.5112,5206872.36278149,0.0,0.7136863467541822,0.4447,2024-06-14,0.0,0.5112,0.4398,-0.13967136150234738,False,,,,,-8.831603081415722,,,,,,,,,,,,,,,
2024-06-04,0.5112,0.5265,0.4984,0.5227,5337631.82555096,0.0,0.7087772187304302,0.4447,2024-06-14,0.0,0.5227,0.4398,-0.15859957910847522,False,,,,,-8.831603081415722,,,,,,,,,,,,,,,
2024-06-05,0.5227,0.5295,0.5142,0.5291,5704912.83420863,0.0,0.7001704189526236,0.4447,2024-06-14,0.0,0.5291,0.4398,-0.16877716877716875,False,,,,,-8.831603081415722,,,,,,,,,,,,,,,
2024-06-06,0.5291,0.5322,0.5154,0.5241,5452198.41560081,0.0,0.698645794856333,0.4447,2024-06-14,0.0,0.5241,0.4398,-0.16084716657126497,False,,,,,-8.831603081415722,,,,,,,,,,,,,,,
2024-06-07,0.5239,0.5651,0.5033,0.5569,5474475.29443567,0.0,0.7011430140642556,0.4447,2024-06-14,0.0,0.5569,0.4398,-0.21027114383192658,False,,,,,-8.831603081415722,,,,,,,,,,,,,,,
2024-06-08,0.5568,0.5581,0.4721,0.5043,7005036.74338408,0.0,0.702674501889121,0.4447,2024-06-14,0.0,0.5043,0.4398,-0.12790005948839966,False,,,,,-8.831603081415722,,,,,,,,,,,,,,,
2024-06-09,0.5041,0.5062,0.4811,0.4902,4250132.74510558,0.0,0.7059397510273918,0.4447,2024-06-14,0.0,0.4902,0.4398,-0.10281517747858016,False,,,,,-8.831603081415722,,,,,,,,,,,,,,,
2024-06-10,0.4902,0.5054,0.4755,0.497,4210243.050978,0.0,0.7086452935874807,0.4447,2024-06-14,0.0,0.497,0.4398,-0.11509054325955725,False,,,,,-8.831603081415722,,,,,,,,,,,,,,,
2024-06-11,0.4972,0.498,0.4526,0.456,5775711.02576261,0.0,0.7121786806128138,0.4447,2024-06-14,0.0,0.456,0.4398,-0.03552631578947363,False,,,,,-8.831603081415722,,,,,,,,,,,,,,,
2024-06-12,0.4558,0.4958,0.4398,0.486,6014232.05441459,0.0,0.7154762376662009,0.4447,2024-06-14,0.0,0.486,0.4398,-0.09506172839506166,False,,,,,-8.831603081415722,,,,,,,,,,,,,,,
2024-06-13,0.486,0.4926,0.4471,0.4481,6159603.21139497,0.0,0.7172718230037131,0.4398,2024-06-14,0.0,0.4481,0.4398,-0.018522651193929818,False,,,,,-8.831603081415722,,,,,,,,,,,,,,,
2024-06-14,0.448,0.4544,0.4269,0.4279,5432388.38250728,0.0,0.7369266316107173,0.4398,2024-06-14,0.0,0.4279,0.4398,0.02781023603645716,False,,,,,-8.831603081415722,,,,,,,,,,,,,,,
2024-06-15,0.4278,0.4287,0.4095,0.4224,5495882.862842182,0.0,0.7556365841616552,0.4269,2024-06-15,0.0,0.4224,0.4269,0.010653409090909172,False,,,,,-8.831603081415722,,,,,,,,,,,,,,,
2024-06-16,0.4224,0.4236,0.4021,0.4156,4219557.78175428,0.0,0.7761251644363716,0.4095,2024-06-17,0.0,0.4156,0.4021,-0.03248315688161696,False,,,,,-8.831603081415722,,,,,,,,,,,,,,,
2024-06-17,0.4156,0.421,0.3725,0.3794,4679184.76712696,0.0,0.7910373982229704,0.4021,2024-06-17,0.0,0.3794,0.4021,0.059831312598840336,False,,,,,-8.831603081415722,,,,,,,,,,,,,,,
2024-06-18,0.3793,0.398,0.3318,0.349,6255565.88450594,0.0,0.8135509970225339,0.3725,2024-06-18,0.0,0.349,0.3725,0.06733524355300857,False,,,,,-8.831603081415722,,,,,,,,,,,,,,,
2024-06-19,0.349,0.3625,0.3372,0.3479,5682131.86984378,0.0,0.8513876050725355,0.3318,2024-07-03,0.0,0.3479,0.3245,-0.06726070709974119,False,,,,,-8.831603081415722,,,,,,,,,,,,,,,
2024-06-20,0.3478,0.3933,0.3455,0.3648,5308941.9184747,0.0,0.8524360207607139,0.3318,2024-07-03,0.0,0.3648,0.3245,-0.1104714912280702,False,,,,,-8.831603081415722,,,,,,,,,,,,,,,
2024-06-21,0.3648,0.3719,0.3544,0.365,5438467.12314682,0.0,0.8640941848831075,0.3318,2024-07-03,0.0,0.365,0.3245,-0.11095890410958897,False,,,,,-8.831603081415722,,,,,,,,,,,,,,,
2024-06-22,0.365,0.3704,0.3559,0.3608,4808239.19254535,0.0,0.8758949425253744,0.3318,2024-07-03,0.0,0.3608,0.3245,-0.10060975609756095,False,,,,,-8.831603081415722,,,,,,,,,,,,,,,
2024-06-23,0.3614,0.3625,0.3484,0.35,3419440.18602707,0.0,0.89222557336159,0.3318,2024-07-03,0.0,0.35,0.3245,-0.07285714285714273,False,,,,,-8.831603081415722,,,,,,,,,,,,,,,
2024-06-24,0.3501,0.3548,0.3311,0.3439,4928041.0404283,0.0,0.9055371843119562,0.3318,2024-07-03,0.0,0.3439,0.3245,-0.056411747601046724,False,,,,,-8.831603081415722,,,,,,,,,,,,,,,
2024-06-25,0.3439,0.3856,0.342,0.3818,6199241.91004266,0.0,0.9041398886912857,0.3311,2024-07-03,0.0,0.3818,0.3245,-0.15007857517024614,False,,,,,-8.831603081415722,,,,,,,,,,,,,,,
2024-06-26,0.3818,0.3839,0.3586,0.3596,4877332.65729593,0.0,0.8985558687587916,0.3311,2024-07-03,0.0,0.3596,0.3245,-0.0976084538375972,False,,,,,-8.831603081415722,,,,,,,,,,,,,,,
2024-06-27,0.3596,0.3668,0.3445,0.3603,4768247.27623754,0.0,0.8861141163355285,0.3311,2024-07-03,0.0,0.3603,0.3245,-0.09936164307521511,False,,,,,-8.831603081415722,,,,,,,,,,,,,,,
2024-06-28,0.3604,0.3633,0.3532,0.3574,5016910.61376556,0.0,0.880149440101777,0.3311,2024-07-03,0.0,0.3574,0.3245,-0.09205372132064904,False,,,,,-8.831603081415722,,,,,,,,,,,,,,,
2024-06-29,0.3574,0.3579,0.3381,0.3413,4851077.04092316,0.0,0.8796776906460078,0.3311,2024-07-03,0.0,0.3413,0.3245,-0.04922355698798708,False,,,,,-8.831603081415722,,,,,,,,,,,,,,,
2024-06-30,0.3413,0.3413,0.3245,0.333,3811067.33745476,0.0,0.8801911616847717,0.3311,2024-07-03,0.0,0.333,0.3245,-0.02552552552552556,False,,,,,-8.831603081415722,,,,,,,,,,,,,,,
2024-07-01,0.333,0.3473,0.3285,0.3356,4581152.34748228,0.0,0.879572511513327,0.3245,2024-07-03,0.0,0.3356,0.3245,-0.03307508939213344,False,,,,,-8.831603081415722,,,,,,,,,,,,,,,
2024-07-02,0.3356,0.3489,0.3296,0.3343,4950073.20636369,0.0,0.8782812032620732,0.3245,2024-07-03,0.0,0.3343,0.3245,-0.029314986539036747,False,,,,,-8.831603081415722,,,,,,,,,,,,,,,
2024-07-03,0.3343,0.3472,0.3184,0.3222,4789487.41721116,0.0,0.8706449001373249,0.3245,2024-07-03,0.0,0.3222,0.3245,0.007138423339540623,False,,,,,-8.831603081415722,,,,,,,,,,,,,,,
2024-07-04,0.3222,0.3228,0.2804,0.2875,5405564.75998113,0.0,0.8629308204330974,0.3184,2024-07-04,0.0,0.2875,0.3184,0.10747826086956547,False,,,,,-8.831603081415722,,,,,,,,,,,,,,,
2024-07-05,0.2875,0.2919,0.2414,0.276,6448909.92007791,0.0,0.8583076106720875,0.2804,2024-07-05,0.0,0.276,0.2804,0.015942028985507006,False,,,,,-8.831603081415722,,,,,,,,,,,,,,,
2024-07-06,0.2761,0.2846,0.2703,0.2814,5353172.08465583,0.0,0.8494941548697195,0.2414,,,0.2814,,,False,,,,,-8.831603081415722,,,,,,,,,,,,,,,
