Date,Open,High,Low,Close,Adj Close,Volume
2020-10-14,1.69,1.69,1.06,1.19,1.19,94692273.0
2020-10-15,1.18,1.25,1.09,1.13,1.13,34933419.0
2020-10-16,1.12,1.15,0.81,0.82,0.82,37020875.0
2020-10-17,0.82,0.85,0.73,0.81,0.81,23630173.0
2020-10-18,0.81,0.87,0.8,0.87,0.87,14376473.0
2020-10-19,0.87,0.87,0.77,0.8,0.8,12526817.0
2020-10-20,0.8,0.81,0.67,0.68,0.68,13390242.0
2020-10-21,0.68,0.75,0.67,0.7,0.7,12835213.0
2020-10-22,0.7,0.79,0.7,0.75,0.75,11632895.0
2020-10-23,0.75,0.75,0.69,0.73,0.73,8050408.0
2020-10-24,0.73,0.75,0.71,0.74,0.74,7326431.0
2020-10-25,0.74,0.85,0.73,0.85,0.85,17602175.0
2020-10-26,0.85,0.85,0.74,0.78,0.78,14529440.0
2020-10-27,0.78,0.8,0.75,0.76,0.76,10473272.0
2020-10-28,0.76,0.78,0.68,0.7,0.7,11024111.0
2020-10-29,0.7,0.72,0.67,0.69,0.69,7592469.0
2020-10-30,0.69,0.7,0.62,0.63,0.63,11372428.0
2020-10-31,0.63,0.65,0.62,0.63,0.63,3374594.0
2020-11-01,0.63,0.66,0.6,0.63,0.63,5407189.0
2020-11-02,0.63,0.65,0.61,0.61,0.61,16813813.0
2020-11-03,0.61,0.61,0.56,0.56,0.56,1086987.0
2020-11-04,0.56,0.56,0.53,0.53,0.53,6449745.0
2020-11-05,0.53,0.72,0.53,0.69,0.69,19017738.0
2020-11-06,0.69,0.76,0.69,0.72,0.72,14062990.0
2020-11-07,0.72,0.79,0.67,0.7,0.7,14092056.0
2020-11-08,0.7,0.83,0.68,0.82,0.82,11126529.0
2020-11-09,0.82,0.93,0.8,0.91,0.91,16478134.0
2020-11-10,0.91,0.97,0.88,0.94,0.94,21560515.0
2020-11-11,0.94,0.99,0.86,0.86,0.86,14450324.0
2020-11-12,0.86,0.88,0.76,0.79,0.79,13343145.0
2020-11-13,0.79,0.91,0.78,0.9,0.9,20365195.0
2020-11-14,0.9,0.9,0.82,0.87,0.87,17048214.0
2020-11-15,0.87,0.88,0.8,0.83,0.83,23586785.0
2020-11-16,0.83,0.9,0.82,0.87,0.87,16713699.0
2020-11-17,0.92,0.98,0.89,0.93,0.93,39282785.0
2020-11-18,0.93,0.94,0.79,0.83,0.83,33744128.0
2020-11-19,0.83,0.88,0.8,0.84,0.84,10825930.0
2020-11-20,0.84,0.94,0.84,0.94,0.94,27528672.0
2020-11-21,0.94,1.2,0.94,1.18,1.18,86779207.0
2020-11-22,1.18,1.18,1.0,1.07,1.07,27813149.0
2020-11-23,1.07,1.21,1.06,1.17,1.17,40960416.0
2020-11-24,1.17,1.29,1.14,1.24,1.24,50191465.0
2020-11-25,1.24,1.3,1.08,1.11,1.11,26504409.0
2020-11-26,1.11,1.13,0.91,1.01,1.01,70643865.0
2020-11-27,1.01,1.05,0.94,1.0,1.0,32146496.0
2020-11-28,1.0,1.04,0.96,1.02,1.02,21095716.0
2020-11-29,1.02,1.04,0.99,1.01,1.01,19269022.0
2020-11-30,1.01,1.1,1.01,1.08,1.08,24145337.0
2020-12-01,1.08,1.13,1.0,1.06,1.06,65515679.0
2020-12-02,1.06,1.2,1.03,1.18,1.18,40593260.0
2020-12-03,1.18,1.19,1.14,1.16,1.16,10770456.0
2020-12-04,1.16,1.22,1.09,1.1,1.1,19687326.0
2020-12-05,1.1,1.14,1.02,1.11,1.11,24940202.0
2020-12-06,1.11,1.12,1.01,1.03,1.03,12028258.0
2020-12-07,1.03,1.05,1.01,1.01,1.01,9082075.0
2020-12-08,1.01,1.02,0.92,0.93,0.93,7166604.0
2020-12-09,0.93,1.01,0.91,1.0,1.0,20790531.0
2020-12-10,1.0,1.04,0.96,0.96,0.96,11182498.0
2020-12-11,0.96,0.96,0.87,0.87,0.87,10713460.0
2020-12-12,0.87,0.93,0.87,0.92,0.92,5661482.0
2020-12-13,0.92,0.98,0.92,0.95,0.95,5807378.0
2020-12-14,0.95,1.01,0.94,0.99,0.99,5692614.0
2020-12-15,0.99,1.02,0.98,1.01,1.01,6029516.0
2020-12-16,1.01,1.05,0.96,1.05,1.05,11092487.0
2020-12-17,1.05,1.07,0.99,0.99,0.99,11687668.0
2020-12-18,0.99,1.02,0.97,1.0,1.0,7282507.0
2020-12-19,1.0,1.12,1.0,1.05,1.05,12044621.0
2020-12-20,1.05,1.08,1.03,1.06,1.06,10517244.0
2020-12-21,1.06,1.64,1.05,1.22,1.22,106415276.0
2020-12-22,1.22,1.23,1.08,1.16,1.16,15117483.0
2020-12-23,1.16,1.18,0.91,0.96,0.96,18757954.0
2020-12-24,0.96,1.08,0.92,1.06,1.06,7443455.0
2020-12-25,1.06,1.08,1.0,1.02,1.02,11210256.0
2020-12-26,1.02,1.06,0.99,1.02,1.02,11186154.0
2020-12-27,1.02,1.24,1.0,1.2,1.2,28415925.0
2020-12-28,1.2,1.24,1.16,1.22,1.22,25204191.0
2020-12-29,1.22,1.24,1.1,1.17,1.17,19088000.0
2020-12-30,1.16,1.26,1.16,1.21,1.21,21126854.0
2020-12-31,1.21,1.42,1.17,1.39,1.39,28701268.0
2021-01-01,1.39,1.49,1.3,1.36,1.36,37706129.0
2021-01-02,1.36,1.43,1.31,1.41,1.41,14795813.0
2021-01-03,1.41,1.58,1.41,1.47,1.47,39055507.0
2021-01-04,1.47,1.56,1.3,1.38,1.38,37590382.0
2021-01-05,1.38,1.52,1.34,1.5,1.5,38167272.0
2021-01-06,1.5,1.6,1.42,1.54,1.54,29512733.0
2021-01-07,1.54,1.56,1.49,1.5,1.5,26547488.0
2021-01-08,1.5,1.93,1.43,1.72,1.72,29827524.0
2021-01-09,1.73,1.82,1.65,1.76,1.76,77594410.0
2021-01-10,1.77,1.94,1.64,1.74,1.74,49923204.0
2021-01-11,1.74,1.75,1.35,1.48,1.48,43073514.0
2021-01-12,1.48,1.62,1.43,1.43,1.43,29861848.0
2021-01-13,1.43,1.61,1.39,1.61,1.61,24489993.0
2021-01-14,1.61,1.77,1.59,1.72,1.72,25201437.0
2021-01-15,1.72,1.91,1.7,1.83,1.83,52659488.0
2021-01-16,1.83,2.24,1.83,2.1,2.1,61167908.0
2021-01-17,2.09,2.74,2.02,2.51,2.51,119153078.0
2021-01-18,2.51,2.64,2.33,2.41,2.41,43885425.0
2021-01-19,2.41,2.47,2.18,2.18,2.18,35174742.0
2021-01-20,2.17,2.56,2.12,2.49,2.49,86392041.0
2021-01-21,2.49,2.55,2.14,2.17,2.17,57214223.0
2021-01-22,2.17,2.52,2.01,2.37,2.37,50446877.0
2021-01-23,2.37,2.52,2.33,2.37,2.37,23419374.0
2021-01-24,2.37,2.71,2.36,2.56,2.56,50469554.0
2021-01-25,2.56,2.68,2.44,2.45,2.45,23760402.0
2021-01-26,2.45,2.56,2.19,2.38,2.38,39965411.0
2021-01-27,2.38,2.38,2.02,2.04,2.04,41992546.0
2021-01-28,2.04,2.32,2.01,2.26,2.26,46315515.0
2021-01-29,2.26,2.34,2.11,2.2,2.2,55673610.0
2021-01-30,2.2,2.25,2.06,2.17,2.17,43584551.0
2021-01-31,2.17,2.42,2.06,2.14,2.14,56839723.0
2021-02-01,2.14,2.33,2.1,2.25,2.25,43167042.0
2021-02-02,2.26,2.54,2.22,2.47,2.47,74249728.0
2021-02-03,2.47,2.63,2.4,2.56,2.56,60257784.0
2021-02-04,2.56,2.66,2.41,2.5,2.5,64653368.0
2021-02-05,2.5,2.94,2.5,2.86,2.86,78257467.0
2021-02-06,2.86,2.88,2.54,2.69,2.69,66638385.0
2021-02-07,2.69,3.48,2.61,3.39,3.39,95920818.0
2021-02-08,3.4,3.53,3.06,3.48,3.48,97320096.0
2021-02-09,3.46,3.46,3.22,3.31,3.31,52187138.0
2021-02-10,3.31,3.7,3.14,3.27,3.27,135637373.0
2021-02-11,3.26,3.53,3.17,3.47,3.47,86071180.0
2021-02-12,3.45,4.94,3.42,4.7,4.7,218674388.0
2021-02-13,4.72,5.53,4.54,4.81,4.81,216219956.0
2021-02-14,4.82,4.85,4.16,4.33,4.33,93946377.0
2021-02-15,4.32,4.38,3.52,4.02,4.02,90419157.0
2021-02-16,4.01,4.44,3.87,4.07,4.07,83436962.0
2021-02-17,4.08,4.38,3.84,4.23,4.23,81244322.0
2021-02-18,4.23,4.65,4.04,4.44,4.44,81784473.0
2021-02-19,4.44,4.52,4.11,4.38,4.38,83495085.0
2021-02-20,4.38,4.73,3.75,4.02,4.02,104327572.0
2021-02-21,4.01,4.19,3.87,4.1,4.1,63841419.0
2021-02-22,4.09,4.09,2.99,3.73,3.73,120864499.0
2021-02-23,3.73,3.75,2.67,3.36,3.36,147446957.0
2021-02-24,3.37,3.65,3.18,3.6,3.6,71158607.0
2021-02-25,3.59,4.67,3.47,3.87,3.87,139316711.0
2021-02-26,3.89,4.84,3.8,4.22,4.22,229314549.0
2021-02-27,4.23,4.43,3.91,4.01,4.01,73453021.0
2021-02-28,4.01,4.01,3.45,3.81,3.81,91631823.0
2021-03-01,3.82,4.3,3.81,4.2,4.2,69932880.0
2021-03-02,4.2,4.24,3.88,4.04,4.04,56279056.0
2021-03-03,4.04,4.3,4.01,4.19,4.19,51661172.0
2021-03-04,4.18,4.65,4.13,4.45,4.45,116659047.0
2021-03-05,4.52,4.55,4.07,4.18,4.18,75230256.0
2021-03-06,4.17,4.25,3.94,4.05,4.05,40698384.0
2021-03-07,4.05,4.4,4.05,4.28,4.28,47251251.0
2021-03-08,4.28,4.62,4.14,4.57,4.57,65930575.0
2021-03-09,4.57,5.77,4.57,5.43,5.43,226275939.0
2021-03-10,5.41,6.03,4.93,5.32,5.32,260458909.0
2021-03-11,5.32,6.28,5.12,6.04,6.04,235149342.0
2021-03-12,6.05,7.43,5.93,6.95,6.95,352373307.0
2021-03-13,6.93,7.57,6.55,7.41,7.41,213444641.0
2021-03-14,7.38,7.4,6.63,6.63,6.63,145261945.0
2021-03-15,6.62,6.85,5.88,5.9,5.9,158744170.0
2021-03-16,5.9,6.86,5.61,6.38,6.38,155210650.0
2021-03-17,6.39,6.42,5.97,6.25,6.25,90496936.0
2021-03-18,6.23,6.57,6.02,6.07,6.07,91784285.0
2021-03-19,6.06,6.43,5.89,6.19,6.19,73472881.0
2021-03-20,6.19,6.6,6.15,6.29,6.29,74291992.0
2021-03-21,6.29,6.32,5.81,6.05,6.05,81791868.0
2021-03-22,6.05,6.05,5.32,5.45,5.45,80200143.0
2021-03-23,5.42,5.84,5.14,5.34,5.34,82197855.0
2021-03-24,5.32,5.68,4.84,4.88,4.88,81216206.0
2021-03-25,4.87,5.09,4.49,4.82,4.82,74867881.0
2021-03-26,4.82,5.57,4.82,5.49,5.49,73843440.0
2021-03-27,5.49,5.65,5.26,5.33,5.33,61571260.0
2021-03-28,5.33,5.98,5.28,5.6,5.6,87612280.0
2021-03-29,5.61,5.93,5.52,5.82,5.82,73924408.0
2021-03-30,5.81,6.66,5.74,6.36,6.36,162511566.0
2021-03-31,6.36,6.4,5.74,6.0,6.0,79675213.0
2021-04-01,6.0,6.27,5.86,5.99,5.99,83417507.0
2021-04-02,5.98,6.16,5.89,6.0,6.0,60685434.0
2021-04-03,5.99,6.4,5.61,5.71,5.71,91951539.0
2021-04-04,5.71,6.13,5.63,6.1,6.1,64729389.0
2021-04-05,6.11,6.3,5.87,6.13,6.13,75719253.0
2021-04-06,6.13,7.33,6.13,6.79,6.79,239363320.0
2021-04-07,6.77,6.98,5.74,6.12,6.12,158300405.0
2021-04-08,6.13,6.84,6.04,6.69,6.69,126721020.0
2021-04-09,6.77,6.91,6.33,6.42,6.42,63450084.0
2021-04-10,6.43,6.73,6.31,6.51,6.51,85380974.0
2021-04-11,6.51,7.42,6.48,6.78,6.78,148200558.0
2021-04-12,6.78,7.35,6.58,6.73,6.73,135301758.0
2021-04-13,6.73,6.91,6.37,6.5,6.5,109665021.0
2021-04-14,6.5,6.84,6.17,6.36,6.36,114837108.0
2021-04-15,6.35,6.76,6.27,6.54,6.54,84029088.0
2021-04-16,6.53,6.57,5.91,5.97,5.97,108211528.0
2021-04-17,5.95,6.31,5.77,5.94,5.94,81822407.0
2021-04-18,5.94,6.0,4.12,5.15,5.15,200267435.0
2021-04-19,5.16,5.35,4.59,4.75,4.75,89499201.0
2021-04-20,4.74,5.13,4.39,4.94,4.94,102870196.0
2021-04-21,4.94,5.06,4.65,4.79,4.79,80529105.0
2021-04-22,4.78,5.48,4.68,4.8,4.8,116450219.0
2021-04-23,4.79,4.96,4.03,4.65,4.65,130457636.0
2021-04-24,4.66,4.66,4.11,4.25,4.25,59538105.0
2021-04-25,4.26,4.87,4.23,4.62,4.62,82181654.0
2021-04-26,4.64,5.2,4.61,5.05,5.05,84992412.0
2021-04-27,5.02,5.25,4.8,5.15,5.15,117231602.0
2021-04-28,5.16,5.21,4.73,4.92,4.92,83777407.0
2021-04-29,4.92,5.61,4.76,5.5,5.5,152496944.0
2021-04-30,5.49,5.65,5.27,5.56,5.56,108718608.0
2021-05-01,5.56,5.77,5.32,5.48,5.48,86966065.0
2021-05-02,5.51,5.51,5.15,5.28,5.28,69915902.0
2021-05-03,5.28,5.55,5.27,5.48,5.48,73917819.0
2021-05-04,5.48,5.49,4.8,4.83,4.83,90734743.0
2021-05-05,4.82,5.25,4.77,5.24,5.24,72079675.0
2021-05-06,5.25,5.58,5.03,5.2,5.2,112264054.0
2021-05-07,5.2,5.5,5.05,5.33,5.33,113838975.0
2021-05-08,5.32,5.56,5.15,5.23,5.23,82339886.0
2021-05-09,5.23,5.27,4.91,5.06,5.06,66991317.0
2021-05-10,5.06,5.27,4.39,4.7,4.7,76224106.0
2021-05-11,4.7,4.96,4.62,4.94,4.94,63837769.0
2021-05-12,4.94,5.97,4.64,4.64,4.64,202038872.0
2021-05-13,4.76,5.6,4.55,5.48,5.48,186219901.0
2021-05-14,5.48,5.95,5.47,5.73,5.73,158357885.0
2021-05-15,5.73,7.32,5.62,5.96,5.96,414132430.0
2021-05-16,5.93,6.59,5.56,5.86,5.86,186304265.0
2021-05-17,5.87,5.96,5.04,5.7,5.7,188395968.0
2021-05-18,5.69,6.29,5.5,5.68,5.68,140664707.0
2021-05-19,5.69,5.87,2.92,3.64,3.64,251908414.0
2021-05-20,3.61,4.38,3.21,4.21,4.21,164953392.0
2021-05-21,4.19,4.38,3.03,3.47,3.47,140394153.0
2021-05-22,3.47,3.53,2.99,3.16,3.16,96018854.0
2021-05-23,3.17,3.37,2.22,2.68,2.68,137758266.0
2021-05-24,2.66,3.28,2.59,3.26,3.26,124049083.0
2021-05-25,3.27,3.43,2.83,3.33,3.33,101713319.0
2021-05-26,3.34,3.63,3.25,3.54,3.54,124809314.0
2021-05-27,3.54,3.54,3.13,3.28,3.28,93278041.0
2021-05-28,3.3,3.33,2.72,2.93,2.93,96464085.0
2021-05-29,2.92,2.96,2.53,2.7,2.7,71272286.0
2021-05-30,2.69,3.28,2.54,3.12,3.12,100338337.0
2021-05-31,3.12,3.37,2.88,3.37,3.37,122688825.0
2021-06-01,3.36,3.38,3.04,3.22,3.22,95778151.0
2021-06-02,3.23,3.5,3.15,3.32,3.32,80485202.0
2021-06-03,3.32,3.65,3.27,3.6,3.6,83755228.0
2021-06-04,3.6,3.6,3.01,3.17,3.17,78802394.0
2021-06-05,3.18,3.43,3.0,3.29,3.29,82286044.0
2021-06-06,3.29,3.32,3.11,3.2,3.2,44477735.0
2021-06-07,3.2,3.3,2.91,2.92,2.92,55741856.0
2021-06-08,2.93,2.99,2.7,2.91,2.91,55594836.0
2021-06-09,2.9,3.33,2.79,3.22,3.22,76891828.0
2021-06-10,3.23,3.24,2.89,2.96,2.96,52550651.0
2021-06-11,2.96,3.2,2.9,3.02,3.02,53525872.0
2021-06-12,3.02,3.02,2.8,2.91,2.91,42568780.0
2021-06-13,2.91,3.16,2.87,3.14,3.14,36275392.0
2021-06-14,3.14,3.36,3.06,3.17,3.17,39461369.0
2021-06-15,3.25,3.32,3.18,3.29,3.29,75367274.0
2021-06-16,3.22,3.24,2.99,3.05,3.05,44169711.0
2021-06-17,3.05,3.2,3.0,3.08,3.08,38313179.0
2021-06-18,3.08,3.31,2.87,2.92,2.92,79358427.0
2021-06-19,2.93,2.98,2.86,2.87,2.87,34799132.0
2021-06-20,2.87,2.91,2.66,2.89,2.89,36718494.0
2021-06-21,2.89,2.93,2.24,2.25,2.25,59505039.0
2021-06-22,2.24,2.4,1.93,2.12,2.12,63227087.0
2021-06-23,2.13,2.4,2.03,2.26,2.26,58307765.0
2021-06-24,2.15,2.26,2.03,2.16,2.16,43384112.0
2021-06-25,2.16,2.23,1.88,1.9,1.9,49430229.0
2021-06-26,1.9,1.92,1.75,1.89,1.89,49929518.0
2021-06-27,1.89,1.95,1.81,1.95,1.95,33802534.0
2021-06-28,1.96,2.06,1.93,1.97,1.97,36498074.0
2021-06-29,1.97,2.19,1.97,2.08,2.08,49072805.0
2021-06-30,2.1,2.12,1.92,2.09,2.09,40817717.0
2021-07-01,2.09,2.16,1.92,2.08,2.08,47815221.0
2021-07-02,2.08,2.2,1.94,2.1,2.1,51601096.0
2021-07-03,2.1,2.29,2.1,2.25,2.25,44793146.0
2021-07-04,2.25,2.35,2.16,2.29,2.29,34044780.0
2021-07-05,2.29,2.3,2.12,2.17,2.17,34904723.0
2021-07-06,2.17,2.33,2.17,2.26,2.26,37135902.0
2021-07-07,2.26,2.4,2.24,2.29,2.29,38682875.0
2021-07-08,2.3,2.31,2.05,2.1,2.1,32533734.0
2021-07-09,2.1,2.11,2.01,2.09,2.09,23144794.0
2021-07-10,2.09,2.14,2.04,2.11,2.11,20804127.0
2021-07-11,2.11,2.25,2.08,2.17,2.17,31237155.0
2021-07-12,2.17,2.23,2.04,2.1,2.1,20509147.0
2021-07-13,2.09,2.1,1.93,1.95,1.95,23165828.0
2021-07-14,1.95,2.08,1.87,1.99,1.99,32829995.0
2021-07-15,1.99,2.02,1.86,1.92,1.92,51121023.0
2021-07-16,1.92,1.99,1.82,1.84,1.84,39883990.0
2021-07-17,1.84,2.04,1.8,1.93,1.93,53682802.0
2021-07-18,1.93,1.99,1.86,1.91,1.91,34514940.0
2021-07-19,1.91,1.92,1.72,1.72,1.72,35219597.0
2021-07-20,1.73,1.76,1.55,1.68,1.68,35793067.0
2021-07-21,1.68,1.84,1.63,1.82,1.82,30822493.0
2021-07-22,1.82,1.94,1.77,1.94,1.94,36766532.0
2021-07-23,1.94,1.94,1.82,1.94,1.94,30927079.0
2021-07-24,1.94,2.19,1.92,2.14,2.14,58697189.0
2021-07-25,2.14,2.31,2.04,2.16,2.16,66929600.0
2021-07-26,2.16,2.51,2.13,2.15,2.15,85405583.0
2021-07-27,2.15,2.34,2.07,2.23,2.23,55563246.0
2021-07-28,2.24,2.3,2.14,2.22,2.22,43223342.0
2021-07-29,2.22,2.3,2.19,2.25,2.25,35057663.0
2021-07-30,2.26,2.35,2.15,2.33,2.33,42988193.0
2021-07-31,2.32,2.51,2.31,2.4,2.4,50234604.0
2021-08-01,2.4,2.54,2.38,2.39,2.39,49732396.0
2021-08-02,2.4,2.46,2.32,2.36,2.36,40040921.0
2021-08-03,2.35,2.4,2.23,2.33,2.33,37463469.0
2021-08-04,2.34,2.49,2.26,2.45,2.45,45270826.0
2021-08-05,2.45,2.59,2.33,2.5,2.5,56151250.0
2021-08-06,2.51,2.59,2.43,2.52,2.52,50222741.0
2021-08-07,2.52,2.79,2.49,2.78,2.78,86519096.0
2021-08-08,2.78,2.78,2.52,2.55,2.55,62329758.0
2021-08-09,2.56,2.75,2.47,2.69,2.69,52496029.0
2021-08-10,2.69,2.94,2.65,2.85,2.85,69011104.0
2021-08-11,2.86,3.05,2.82,2.99,2.99,67367474.0
2021-08-12,2.98,3.46,2.97,3.33,3.33,169951750.0
2021-08-13,3.35,3.49,3.23,3.41,3.41,80534342.0
2021-08-14,3.41,3.44,3.16,3.25,3.25,77129665.0
2021-08-15,3.25,3.28,3.03,3.23,3.23,68197443.0
2021-08-16,3.23,3.57,3.22,3.48,3.48,109220153.0
2021-08-17,3.46,4.0,3.38,3.73,3.73,233561711.0
2021-08-18,3.73,4.55,3.67,4.45,4.45,332801566.0
2021-08-19,4.43,4.81,4.16,4.49,4.49,198727902.0
2021-08-20,4.49,4.61,4.31,4.42,4.42,119617565.0
2021-08-21,4.42,6.21,4.32,6.13,6.13,401201754.0
2021-08-22,6.18,6.57,5.34,5.48,5.48,384459455.0
2021-08-23,5.46,5.88,5.38,5.5,5.5,208969051.0
2021-08-24,5.5,5.73,4.89,5.06,5.06,203845084.0
2021-08-25,5.05,5.6,4.83,5.59,5.59,223034187.0
2021-08-26,5.6,5.77,4.82,4.9,4.9,200221677.0
2021-08-27,4.88,5.39,4.61,5.32,5.32,170854781.0
2021-08-28,5.32,5.8,5.06,5.7,5.7,190735259.0
2021-08-29,5.72,6.22,5.57,5.57,5.57,274115927.0
2021-08-30,5.56,5.88,5.26,5.34,5.34,184367951.0
2021-08-31,5.31,5.52,5.15,5.29,5.29,156340759.0
2021-09-01,5.27,5.6,5.12,5.5,5.5,126098931.0
2021-09-02,5.49,5.66,5.41,5.49,5.49,114375549.0
2021-09-03,5.49,6.87,5.48,6.18,6.18,422339824.0
2021-09-04,6.17,6.35,6.01,6.08,6.08,186317718.0
2021-09-05,6.08,6.17,5.88,6.14,6.14,145247876.0
2021-09-06,6.14,6.43,5.83,6.09,6.09,181852634.0
2021-09-07,6.1,8.79,5.47,8.73,8.73,1384726312.0
2021-09-08,8.63,10.92,7.42,10.37,10.37,2181312406.0
2021-09-09,11.48,11.83,9.11,9.75,9.75,1183434531.0
2021-09-10,9.76,10.36,8.57,9.83,9.83,742624372.0
2021-09-11,9.93,9.98,8.81,9.07,9.07,458957899.0
2021-09-12,9.06,9.75,8.44,8.96,8.96,442756336.0
2021-09-13,8.96,9.01,7.75,8.2,8.2,367767685.0
2021-09-14,8.2,9.32,8.09,8.59,8.59,360059369.0
2021-09-15,8.62,9.65,8.55,9.28,9.28,337069763.0
2021-09-16,9.25,9.36,8.45,8.73,8.73,248906781.0
2021-09-17,8.73,8.94,8.11,8.32,8.32,202182898.0
2021-09-18,8.3,9.43,8.11,9.09,9.09,311700346.0
2021-09-19,9.07,10.35,8.72,10.03,10.03,502769306.0
2021-09-20,10.06,10.39,7.38,7.63,7.63,707705545.0
2021-09-21,7.69,7.99,6.4,6.68,6.68,422293941.0
2021-09-22,6.69,7.81,6.54,7.81,7.81,329274826.0
2021-09-23,7.8,9.41,7.37,9.19,9.19,485932052.0
2021-09-24,9.18,9.26,7.43,7.96,7.96,521332892.0
2021-09-25,7.98,8.44,7.49,7.62,7.62,278437631.0
2021-09-26,7.63,7.67,6.62,7.28,7.28,327650450.0
2021-09-27,7.32,7.75,6.86,6.9,6.9,239587358.0
2021-09-28,6.89,7.13,6.38,6.4,6.4,227669491.0
2021-09-29,6.43,7.33,6.38,6.67,6.67,319100829.0
2021-09-30,6.65,6.99,6.57,6.92,6.92,273081176.0
2021-10-01,6.93,7.98,6.83,7.82,7.82,327776608.0
2021-10-02,7.81,8.23,7.53,7.83,7.83,233418497.0
2021-10-03,7.81,8.46,7.65,8.02,8.02,254411761.0
2021-10-04,8.04,8.18,7.42,7.62,7.62,267027097.0
2021-10-05,7.62,8.25,7.57,8.0,8.0,256228410.0
2021-10-06,8.0,8.0,7.17,7.79,7.79,235178753.0
2021-10-07,7.8,8.45,7.51,8.28,8.28,319369898.0
2021-10-08,8.28,8.73,8.01,8.1,8.1,285585579.0
2021-10-09,8.08,8.38,7.93,8.03,8.03,147670614.0
2021-10-10,8.04,8.04,7.33,7.42,7.42,171418412.0
2021-10-11,7.4,7.81,7.22,7.42,7.42,147713916.0
2021-10-12,7.43,7.43,6.78,7.28,7.28,174825609.0
2021-10-13,7.27,7.39,6.92,7.26,7.26,154947822.0
2021-10-14,7.24,8.17,7.2,8.02,8.02,228373431.0
2021-10-15,8.05,8.26,7.65,7.86,7.86,233586919.0
2021-10-16,7.86,8.17,7.73,7.84,7.84,148966886.0
2021-10-17,7.86,8.08,7.61,7.79,7.79,112957827.0
2021-10-18,7.79,7.93,7.63,7.84,7.84,114992097.0
2021-10-19,7.85,8.24,7.75,8.19,8.19,166591336.0
2021-10-20,8.19,8.89,8.14,8.71,8.71,242318708.0
2021-10-21,8.73,9.76,8.58,9.41,9.41,395911995.0
2021-10-22,9.45,9.65,8.84,9.09,9.09,273781105.0
2021-10-23,9.1,9.42,8.84,9.32,9.32,156691506.0
2021-10-24,9.32,9.95,9.15,9.62,9.62,279504347.0
2021-10-25,9.61,12.63,9.56,12.32,12.32,891129018.0
2021-10-26,12.32,13.21,11.82,12.34,12.34,667320862.0
2021-10-27,12.31,12.78,10.45,10.84,10.84,580599843.0
2021-10-28,10.84,12.57,10.7,11.37,11.37,498234580.0
2021-10-29,11.36,11.58,11.05,11.58,11.58,246945392.0
2021-10-30,11.59,11.59,10.15,10.49,10.49,261784473.0
2021-10-31,10.52,10.71,9.7,10.16,10.16,250571416.0
2021-11-01,10.16,10.7,9.89,10.18,10.18,274302065.0
2021-11-02,10.16,10.99,10.03,10.47,10.47,257154056.0
2021-11-03,10.48,11.28,10.24,10.95,10.95,321891624.0
2021-11-04,10.94,11.5,10.32,10.61,10.61,258773878.0
2021-11-05,10.62,10.89,10.19,10.38,10.38,193664835.0
2021-11-06,10.39,10.4,9.8,10.19,10.19,212008916.0
2021-11-07,10.21,10.55,10.09,10.34,10.34,167760205.0
2021-11-08,10.34,10.79,10.07,10.72,10.72,234719695.0
2021-11-09,10.72,11.71,10.5,11.4,11.4,367651857.0
2021-11-10,11.38,11.79,10.0,10.8,10.8,426642728.0
2021-11-11,10.8,12.53,10.59,12.17,12.17,500768287.0
2021-11-12,12.1,12.64,10.94,11.39,11.39,380145481.0
2021-11-13,11.42,11.42,10.89,11.17,11.17,203041223.0
2021-11-14,11.16,11.9,11.16,11.83,11.83,270396354.0
2021-11-15,11.86,11.97,11.04,11.06,11.06,203789758.0
2021-11-16,11.09,11.15,9.11,9.7,9.7,398832802.0
2021-11-17,9.69,9.82,9.16,9.41,9.41,257902419.0
2021-11-18,9.41,9.86,8.47,8.8,8.8,296942532.0
2021-11-19,8.8,9.57,8.65,9.43,9.43,208286455.0
2021-11-20,9.44,9.87,9.29,9.79,9.79,193184629.0
2021-11-21,9.8,9.94,9.36,9.68,9.68,147657538.0
2021-11-22,9.68,9.75,9.01,9.27,9.27,173627222.0
2021-11-23,9.28,9.98,9.11,9.97,9.97,194519330.0
2021-11-24,9.98,10.26,9.04,9.78,9.78,210691872.0
2021-11-25,9.28,9.49,9.12,9.28,9.28,170499604.0
2021-11-26,9.28,9.37,7.88,8.22,8.22,266653870.0
2021-11-27,8.26,8.54,8.18,8.32,8.32,103910669.0
2021-11-28,8.32,8.66,7.62,8.39,8.39,182340629.0
2021-11-29,8.41,8.53,8.15,8.44,8.44,103190436.0
2021-11-30,8.43,8.97,8.24,8.76,8.76,198236558.0
2021-12-01,8.72,8.92,8.36,8.51,8.51,126978896.0
2021-12-02,8.51,8.51,8.09,8.23,8.23,120315197.0
2021-12-03,8.25,9.57,8.21,9.11,9.11,419287862.0
2021-12-04,9.17,9.17,6.22,7.98,7.98,534840940.0
2021-12-05,7.98,8.18,7.15,7.34,7.34,203524157.0
2021-12-06,7.35,7.4,6.65,7.3,7.3,255741174.0
2021-12-07,7.3,7.67,7.15,7.65,7.65,211135255.0
2021-12-08,7.6,9.64,7.52,9.36,9.36,588504816.0
2021-12-09,9.33,10.05,8.94,9.83,9.83,651979295.0
2021-12-10,9.77,10.34,9.14,10.02,10.02,602993642.0
2021-12-11,10.03,11.69,9.55,11.64,11.64,663145143.0
2021-12-12,11.63,11.83,10.53,10.59,10.59,403567460.0
2021-12-13,10.57,10.72,9.0,9.08,9.08,369065200.0
2021-12-14,9.12,9.68,8.94,9.32,9.32,316011261.0
2021-12-15,9.34,12.82,9.07,9.83,9.83,1434378445.0
2021-12-16,9.86,10.19,9.21,9.24,9.24,455858142.0
2021-12-17,9.24,9.34,8.31,8.42,8.42,341325759.0
2021-12-18,8.43,8.54,8.1,8.42,8.42,219302395.0
2021-12-19,8.42,9.68,8.36,9.01,9.01,477908918.0
2021-12-20,9.01,9.09,8.27,8.5,8.5,341720751.0
2021-12-21,8.5,9.35,8.5,9.23,9.23,316766437.0
2021-12-22,9.25,11.77,9.08,10.81,10.81,1067956773.0
2021-12-23,10.83,14.21,10.74,13.73,13.73,2210277295.0
2021-12-24,13.74,15.88,13.54,14.85,14.85,2087411912.0
2021-12-25,14.92,15.65,14.26,15.16,15.16,1207851557.0
2021-12-26,15.19,16.27,14.52,16.27,16.27,894909687.0
2021-12-27,16.29,16.39,14.58,14.71,14.71,775886398.0
2021-12-28,14.75,14.81,13.06,13.4,13.4,933986569.0
2021-12-29,13.35,15.15,13.14,14.9,14.9,1139810469.0
2021-12-30,14.9,15.52,14.12,15.4,15.4,1115328693.0
2021-12-31,15.46,15.69,14.21,14.61,14.61,608669800.0
2022-01-01,14.62,15.3,14.45,15.17,15.17,370791399.0
2022-01-02,15.17,15.24,14.26,14.41,14.41,410369752.0
2022-01-03,14.41,16.44,13.97,16.43,16.43,884732168.0
2022-01-04,16.43,17.6,15.99,16.01,16.01,1490728084.0
2022-01-05,16.02,17.2,14.08,15.38,15.38,1191724382.0
2022-01-06,15.37,16.26,14.83,15.98,15.98,1241573463.0
2022-01-07,15.97,15.98,14.37,15.01,15.01,1065372107.0
2022-01-08,15.02,15.49,13.39,13.84,13.84,744748469.0
2022-01-09,13.84,14.29,13.15,13.52,13.52,556324777.0
2022-01-10,13.52,15.48,13.23,15.48,15.48,1381002723.0
2022-01-11,15.49,18.24,15.31,18.08,18.08,1669483923.0
2022-01-12,18.08,18.73,17.43,17.53,17.53,1232115258.0
2022-01-13,17.53,19.82,17.22,19.53,19.53,1627065033.0
2022-01-14,19.56,20.38,18.52,20.2,20.2,1576251892.0
2022-01-15,20.18,20.2,19.1,19.32,19.32,675898204.0
2022-01-16,19.32,20.42,18.83,20.08,20.08,892671179.0
2022-01-17,20.09,20.14,17.43,17.75,17.75,882444700.0
2022-01-18,17.75,18.17,16.81,17.71,17.71,912723778.0
2022-01-19,17.71,17.81,16.19,16.22,16.22,854337951.0
2022-01-20,16.23,17.5,15.22,15.23,15.23,475436697.0
2022-01-21,15.25,15.66,12.12,13.22,13.22,1079512102.0
2022-01-22,13.22,13.48,10.35,11.37,11.37,1080867513.0
2022-01-23,11.38,12.54,10.89,11.74,11.74,889056178.0
2022-01-24,11.73,11.73,9.57,10.7,10.7,1045385509.0
2022-01-25,10.7,12.42,10.02,12.15,12.15,927723142.0
2022-01-26,12.14,12.84,10.81,11.31,11.31,1091196534.0
2022-01-27,11.3,11.69,9.98,10.53,10.53,669340655.0
2022-01-28,10.52,10.88,10.08,10.76,10.76,541285176.0
2022-01-29,10.76,11.32,10.67,11.04,11.04,415561035.0
2022-01-30,11.04,11.13,10.3,10.34,10.34,342122327.0
2022-01-31,10.34,11.29,10.1,11.12,11.12,412092932.0
2022-02-01,11.12,11.49,10.99,11.22,11.22,422090404.0
2022-02-02,11.22,11.92,10.93,10.94,10.94,536722607.0
2022-02-03,10.92,10.97,10.51,10.92,10.92,456034563.0
2022-02-04,10.91,13.09,10.86,13.02,13.02,847998848.0
2022-02-05,13.0,13.51,12.64,12.86,12.86,828626483.0
2022-02-06,12.86,13.95,12.76,13.5,13.5,771367393.0
2022-02-07,13.5,14.04,13.1,13.49,13.49,771928257.0
2022-02-08,13.5,13.71,12.22,12.81,12.81,767555607.0
2022-02-09,12.79,13.06,12.15,12.98,12.98,491441598.0
2022-02-10,12.98,13.0,11.76,11.81,11.81,639062880.0
2022-02-11,11.81,12.31,10.68,10.88,10.88,605764786.0
2022-02-12,10.88,11.24,10.45,10.78,10.78,459161863.0
2022-02-13,10.77,10.92,10.16,10.42,10.42,344812973.0
2022-02-14,10.41,10.65,10.06,10.56,10.56,361334948.0
2022-02-15,10.56,11.54,10.5,11.51,11.51,465743561.0
2022-02-16,11.51,11.52,10.85,11.2,11.2,354606463.0
2022-02-17,11.2,11.71,10.43,10.43,10.43,691697183.0
2022-02-18,10.45,10.94,10.16,10.28,10.28,409315522.0
2022-02-19,10.28,10.47,9.87,10.05,10.05,270270829.0
2022-02-20,10.05,10.06,9.13,9.3,9.3,398995651.0
2022-02-21,9.29,9.81,8.53,8.56,8.56,514978598.0
2022-02-22,8.56,9.01,8.24,8.98,8.98,437131664.0
2022-02-23,8.98,9.35,8.55,8.57,8.57,382331308.0
2022-02-24,8.56,8.72,7.41,8.48,8.48,774268069.0
2022-02-25,8.48,9.02,8.25,8.94,8.94,427728166.0
2022-02-26,8.94,9.39,8.91,9.1,9.1,381911683.0
2022-02-27,9.1,9.16,8.34,8.5,8.5,362214114.0
2022-02-28,8.5,9.73,8.34,9.73,9.73,472876442.0
2022-03-01,9.73,11.91,9.51,11.8,11.8,1555351143.0
2022-03-02,11.8,11.81,10.87,11.05,11.05,1001554828.0
2022-03-03,11.06,11.58,10.74,11.04,11.04,799562253.0
2022-03-04,11.04,11.76,10.33,10.41,10.41,1016541462.0
2022-03-05,10.42,10.75,10.1,10.5,10.5,500194044.0
2022-03-06,10.5,10.84,10.14,10.14,10.14,612625048.0
2022-03-07,10.13,10.32,9.36,9.71,9.71,640731425.0
2022-03-08,9.71,9.94,9.58,9.72,9.72,424509052.0
2022-03-09,9.73,11.68,9.72,11.63,11.63,1098977525.0
2022-03-10,11.62,11.89,10.55,11.06,11.06,1216621851.0
2022-03-11,11.06,11.31,10.25,10.25,10.25,778180958.0
2022-03-12,10.25,10.62,10.25,10.33,10.33,390962741.0
2022-03-13,10.33,10.46,9.75,9.88,9.88,388699537.0
2022-03-14,9.88,10.16,9.69,10.14,10.14,477719356.0
2022-03-15,10.14,10.36,9.87,10.13,10.13,513406965.0
2022-03-16,10.13,10.82,9.99,10.81,10.81,663630806.0
2022-03-17,10.81,11.14,10.68,10.73,10.73,541921692.0
2022-03-18,10.73,11.49,10.48,11.37,11.37,485680140.0
2022-03-19,11.37,11.54,11.07,11.3,11.3,443392288.0
2022-03-20,11.3,11.33,10.6,10.63,10.63,330875861.0
2022-03-21,10.64,11.27,10.55,10.88,10.88,460228131.0
2022-03-22,10.88,11.48,10.82,11.06,11.06,491586012.0
2022-03-23,11.06,12.67,10.9,12.5,12.5,1005110225.0
2022-03-24,12.5,13.18,11.94,12.91,12.91,911052141.0
2022-03-25,12.91,12.91,11.98,12.25,12.25,553880474.0
2022-03-26,12.25,13.52,12.17,12.72,12.72,752717145.0
2022-03-27,12.72,13.2,12.52,13.2,13.2,517558600.0
2022-03-28,13.2,13.47,12.58,12.63,12.63,586193841.0
2022-03-29,12.63,14.33,12.63,14.12,14.12,1058076383.0
2022-03-30,14.11,14.67,13.58,14.01,14.01,779506649.0
2022-03-31,14.01,14.36,13.06,13.27,13.27,661560913.0
2022-04-01,13.28,14.68,12.57,14.68,14.68,765533072.0
2022-04-02,14.68,16.23,14.38,14.8,14.8,1090643184.0
2022-04-03,14.81,17.38,14.62,16.77,16.77,1584099394.0
2022-04-04,16.76,17.9,15.42,17.15,17.15,2088982848.0
2022-04-05,17.15,17.6,15.95,16.07,16.07,1160298565.0
2022-04-06,16.08,17.01,15.19,15.25,15.25,2141474378.0
2022-04-07,15.26,17.45,14.66,17.41,17.41,1528761870.0
2022-04-08,17.41,19.64,17.12,17.59,17.59,3214172232.0
2022-04-09,17.56,18.16,16.18,17.49,17.49,1522597765.0
2022-04-10,17.5,17.64,15.78,15.78,15.78,1018965029.0
2022-04-11,15.78,16.41,14.98,16.02,16.02,1767074577.0
2022-04-12,16.03,17.13,15.6,16.5,16.5,1803933201.0
2022-04-13,16.5,16.95,15.65,16.87,16.87,1081247495.0
2022-04-14,16.87,17.7,16.0,16.37,16.37,1181408828.0
2022-04-15,16.37,16.55,15.7,16.0,16.0,774976532.0
2022-04-16,16.0,16.27,15.6,15.96,15.96,482497632.0
2022-04-17,15.95,16.73,15.64,15.71,15.71,643594711.0
2022-04-18,15.72,16.31,14.73,16.22,16.22,1141641850.0
2022-04-19,16.22,17.5,16.19,17.43,17.43,1491056347.0
2022-04-20,17.43,17.78,16.4,16.65,16.65,1217415086.0
2022-04-21,16.65,17.12,15.24,15.6,15.6,1235802092.0
2022-04-22,15.6,15.82,15.11,15.59,15.59,884646801.0
2022-04-23,15.59,15.88,15.15,15.32,15.32,588692015.0
2022-04-24,15.32,15.56,14.86,15.01,15.01,563263075.0
2022-04-25,15.01,15.03,13.6,14.3,14.3,1206135875.0
2022-04-26,14.29,15.18,12.5,12.66,12.66,1271694376.0
2022-04-27,12.67,13.26,12.47,12.85,12.85,1007026080.0
2022-04-28,12.85,13.12,12.28,12.42,12.42,858611693.0
2022-04-29,12.42,12.53,11.15,11.28,11.28,773263296.0
2022-04-30,11.28,11.76,10.13,10.34,10.34,745954648.0
2022-05-01,10.34,12.25,10.23,11.84,11.84,1196947022.0
2022-05-02,11.84,12.17,11.13,11.8,11.8,1106401140.0
2022-05-03,11.8,12.13,11.33,12.03,12.03,735265682.0
2022-05-04,12.02,13.01,11.88,12.99,12.99,1060807395.0
2022-05-05,12.98,13.17,10.94,11.22,11.22,1021550008.0
2022-05-06,11.22,11.3,10.47,10.78,10.78,803264963.0
2022-05-07,10.78,10.84,10.12,10.44,10.44,533652128.0
2022-05-08,10.44,11.21,9.94,11.17,11.17,931664498.0
2022-05-09,11.17,11.58,9.54,9.54,9.54,1603095380.0
2022-05-10,9.52,10.86,8.94,9.6,9.6,1605929553.0
2022-05-11,9.59,9.87,5.48,6.38,6.38,2322538928.0
2022-05-12,6.39,7.27,5.32,6.42,6.42,1607027168.0
2022-05-13,6.41,7.61,6.11,6.51,6.51,1395963527.0
2022-05-14,6.52,6.85,5.98,6.72,6.72,676209387.0
2022-05-15,6.72,7.46,6.53,7.37,7.37,614894914.0
2022-05-16,7.36,7.36,6.46,6.53,6.53,535873457.0
2022-05-17,6.53,6.97,6.3,6.66,6.66,470862320.0
2022-05-18,6.66,6.76,5.89,5.89,5.89,463032311.0
2022-05-19,5.89,6.24,5.59,6.1,6.1,495865753.0
2022-05-20,6.1,6.25,5.65,5.76,5.76,397216212.0
2022-05-21,5.76,6.15,5.65,6.13,6.13,285980019.0
2022-05-22,6.13,6.37,6.0,6.26,6.26,343189914.0
2022-05-23,6.25,6.51,5.79,5.82,5.82,444878858.0
2022-05-24,5.82,6.01,5.56,5.96,5.96,377384148.0
2022-05-25,5.96,6.07,5.7,5.74,5.74,385687662.0
2022-05-26,5.74,5.82,5.09,5.25,5.25,548600531.0
2022-05-27,5.25,5.3,4.69,4.79,4.79,564115614.0
2022-05-28,4.88,5.03,4.73,5.01,5.01,310162457.0
2022-05-29,5.0,5.2,4.79,5.18,5.18,286995830.0
2022-05-30,5.18,5.79,5.11,5.75,5.75,512212136.0
2022-05-31,5.76,6.51,5.75,5.94,5.94,867645335.0
2022-06-01,5.94,5.96,5.28,5.35,5.35,586001407.0
2022-06-02,5.35,5.64,5.18,5.61,5.61,423296062.0
2022-06-03,5.61,5.63,5.16,5.25,5.25,310245089.0
2022-06-04,5.25,5.39,5.13,5.32,5.32,240317535.0
2022-06-05,5.32,5.49,5.22,5.32,5.32,195687206.0
2022-06-06,5.32,5.75,5.31,5.49,5.49,343224970.0
2022-06-07,5.49,5.49,5.08,5.2,5.2,341647428.0
2022-06-08,5.2,5.34,5.07,5.07,5.07,233031247.0
2022-06-09,5.07,5.21,5.01,5.08,5.08,229551729.0
2022-06-10,5.08,5.11,4.49,4.5,4.5,322821959.0
2022-06-11,4.5,4.67,4.01,4.08,4.08,314675279.0
2022-06-12,4.08,4.15,3.71,3.71,3.71,370068940.0
2022-06-13,3.71,3.71,3.1,3.5,3.5,555643465.0
2022-06-14,3.5,3.64,3.18,3.38,3.38,474701972.0
2022-06-15,3.38,3.84,3.04,3.82,3.82,499355061.0
2022-06-16,3.82,3.82,3.14,3.21,3.21,356340214.0
2022-06-17,3.21,3.47,3.18,3.38,3.38,264215614.0
2022-06-18,3.37,3.41,2.9,3.1,3.1,284875930.0
2022-06-19,3.09,3.32,2.98,3.29,3.29,279661089.0
2022-06-20,3.29,3.56,3.12,3.41,3.41,293588745.0
2022-06-21,3.41,3.7,3.39,3.5,3.5,323879045.0
2022-06-22,3.51,3.52,3.27,3.28,3.28,259980755.0
2022-06-23,3.28,3.58,3.28,3.56,3.56,220049479.0
2022-06-24,3.56,4.08,3.56,4.0,4.0,363594885.0
2022-06-25,4.0,4.39,3.95,4.18,4.18,463534053.0
2022-06-26,4.17,4.32,3.78,3.78,3.78,289113941.0
2022-06-27,3.78,3.99,3.65,3.73,3.73,242266545.0
2022-06-28,3.73,3.78,3.4,3.41,3.41,265495420.0
2022-06-29,3.41,3.55,3.35,3.41,3.41,252588308.0
2022-06-30,3.42,3.43,3.14,3.33,3.33,230226048.0
2022-07-01,3.34,3.44,3.25,3.35,3.35,232299773.0
2022-07-02,3.35,3.42,3.23,3.31,3.31,144671318.0
2022-07-03,3.31,3.35,3.21,3.32,3.32,135311619.0
2022-07-04,3.32,3.54,3.22,3.53,3.53,183195505.0
2022-07-05,3.53,3.58,3.28,3.4,3.4,251064728.0
2022-07-06,3.4,3.54,3.32,3.5,3.5,223973154.0
2022-07-07,3.5,3.77,3.45,3.71,3.71,227528358.0
2022-07-08,3.71,3.82,3.5,3.6,3.6,262017893.0
2022-07-09,3.6,3.86,3.59,3.81,3.81,262278449.0
2022-07-10,3.81,3.82,3.51,3.53,3.53,187083701.0
2022-07-11,3.53,3.53,3.22,3.23,3.23,187190712.0
2022-07-12,3.23,3.33,3.19,3.19,3.19,155830328.0
2022-07-13,3.19,3.33,3.07,3.33,3.33,218292620.0
2022-07-14,3.33,3.53,3.23,3.49,3.49,218667635.0
2022-07-15,3.49,3.63,3.44,3.5,3.5,190806042.0
2022-07-16,3.5,3.66,3.38,3.64,3.64,195398379.0
2022-07-17,3.64,3.76,3.52,3.52,3.52,212389307.0
2022-07-18,3.52,4.1,3.52,4.1,4.1,410967526.0
2022-07-19,4.09,4.65,4.02,4.54,4.54,719221989.0
2022-07-20,4.54,4.62,4.16,4.18,4.18,466427811.0
2022-07-21,4.18,4.48,4.06,4.38,4.38,355608664.0
2022-07-22,4.38,4.75,4.29,4.33,4.33,434105455.0
2022-07-23,4.33,4.47,4.16,4.31,4.31,267944258.0
2022-07-24,4.31,4.48,4.27,4.36,4.36,250554944.0
2022-07-25,4.35,4.38,3.8,3.8,3.8,309002339.0
2022-07-26,3.8,3.8,3.58,3.75,3.75,273642756.0
2022-07-27,3.75,4.15,3.65,4.15,4.15,367748114.0
2022-07-28,4.15,4.44,4.05,4.37,4.37,531431683.0
2022-07-29,4.37,4.57,4.19,4.37,4.37,468381315.0
2022-07-30,4.37,4.68,4.3,4.35,4.35,459452953.0
2022-07-31,4.35,4.58,4.22,4.24,4.24,386442970.0
2022-08-01,4.24,4.37,4.13,4.28,4.28,260485712.0
2022-08-02,4.28,4.45,4.05,4.31,4.31,340342597.0
2022-08-03,4.31,4.65,4.16,4.52,4.52,372631031.0
2022-08-04,4.52,4.69,4.33,4.42,4.42,387548586.0
2022-08-05,4.42,5.22,4.4,5.21,5.21,764024414.0
2022-08-06,5.2,5.2,4.9,4.91,4.91,352007509.0
2022-08-07,4.91,5.18,4.82,4.99,4.99,369109895.0
2022-08-08,4.99,5.71,4.98,5.49,5.49,673164188.0
2022-08-09,5.49,5.58,5.19,5.36,5.36,475424911.0
2022-08-10,5.36,6.03,5.19,5.89,5.89,841614117.0
2022-08-11,5.89,5.95,5.72,5.75,5.75,461913112.0
2022-08-12,5.75,6.04,5.65,5.98,5.98,438825139.0
2022-08-13,5.98,6.08,5.84,5.87,5.87,304140878.0
2022-08-14,5.87,5.93,5.54,5.61,5.61,265594415.0
2022-08-15,5.61,5.81,5.32,5.41,5.41,337951108.0
2022-08-16,5.41,5.51,5.25,5.28,5.28,301722688.0
2022-08-17,5.28,5.5,4.94,4.97,4.97,362761896.0
2022-08-18,4.97,5.2,4.85,4.86,4.86,305501346.0
2022-08-19,4.86,4.91,4.21,4.26,4.26,555601716.0
2022-08-20,4.25,4.44,4.03,4.15,4.15,386646156.0
2022-08-21,4.15,4.3,4.09,4.23,4.23,268466628.0
2022-08-22,4.23,4.23,3.94,4.12,4.12,321534300.0
2022-08-23,4.12,4.41,4.02,4.3,4.3,414202845.0
2022-08-24,4.3,4.39,4.15,4.27,4.27,297715898.0
2022-08-25,4.27,4.44,4.21,4.33,4.33,254432076.0
2022-08-26,4.32,4.42,3.91,3.93,3.93,452384947.0
2022-08-27,3.93,3.97,3.84,3.92,3.92,248689034.0
2022-08-28,3.92,3.94,3.75,3.75,3.75,192548823.0
2022-08-29,3.75,4.05,3.7,4.04,4.04,237489470.0
2022-08-30,4.04,4.26,3.96,4.2,4.2,336446063.0
2022-08-31,4.2,4.46,4.2,4.37,4.37,423934361.0
2022-09-01,4.37,4.42,4.19,4.34,4.34,301772248.0
2022-09-02,4.34,4.38,4.12,4.18,4.18,246619910.0
2022-09-03,4.18,4.21,4.13,4.17,4.17,121880651.0
2022-09-04,4.17,4.24,4.11,4.24,4.24,129157464.0
2022-09-05,4.24,4.27,4.12,4.23,4.23,155630217.0
2022-09-06,4.23,4.53,4.0,4.07,4.07,472609157.0
2022-09-07,4.07,4.42,4.04,4.38,4.38,329874451.0
2022-09-08,4.38,4.69,4.38,4.69,4.69,451411863.0
2022-09-09,4.69,4.87,4.62,4.82,4.82,341094802.0
2022-09-10,4.82,4.89,4.67,4.81,4.81,318322483.0
2022-09-11,4.81,5.02,4.64,4.89,4.89,344254511.0
2022-09-12,4.89,5.25,4.72,5.08,5.08,641034161.0
2022-09-13,5.09,5.09,4.38,4.46,4.46,538879270.0
2022-09-14,4.42,4.54,4.36,4.51,4.51,305398523.0
2022-09-15,4.51,4.51,4.14,4.18,4.18,300015785.0
2022-09-16,4.18,4.25,4.11,4.2,4.2,217617878.0
2022-09-17,4.2,4.39,4.2,4.38,4.38,181361636.0
2022-09-18,4.38,4.41,3.87,3.9,3.9,269957514.0
2022-09-19,3.91,4.08,3.82,4.06,4.06,310720721.0
2022-09-20,4.06,4.07,3.81,3.82,3.82,273435052.0
2022-09-21,3.82,4.0,3.56,3.66,3.66,367179212.0
2022-09-22,3.66,3.89,3.63,3.87,3.87,227433410.0
2022-09-23,3.87,3.94,3.63,3.79,3.79,269045215.0
2022-09-24,3.79,3.86,3.68,3.7,3.7,180128940.0
2022-09-25,3.7,3.77,3.62,3.65,3.65,143505898.0
2022-09-26,3.65,3.72,3.57,3.68,3.68,201648721.0
2022-09-27,3.68,3.82,3.56,3.62,3.62,240386159.0
2022-09-28,3.62,3.64,3.46,3.57,3.57,182969408.0
2022-09-29,3.57,3.61,3.51,3.59,3.59,149815908.0
2022-09-30,3.59,3.64,3.52,3.56,3.56,170574664.0
2022-10-01,3.56,3.59,3.53,3.55,3.55,87773308.0
2022-10-02,3.55,3.61,3.48,3.48,3.48,109537251.0
2022-10-03,3.48,3.56,3.43,3.55,3.55,136561016.0
2022-10-04,3.55,3.64,3.54,3.62,3.62,134521975.0
2022-10-05,3.62,3.72,3.56,3.7,3.7,228061262.0
2022-10-06,3.7,3.76,3.59,3.62,3.62,166438550.0
2022-10-07,3.62,3.63,3.52,3.55,3.55,122214139.0
2022-10-08,3.55,3.58,3.47,3.5,3.5,92869317.0
2022-10-09,3.5,3.53,3.49,3.52,3.52,70222200.0
2022-10-10,3.52,3.54,3.23,3.23,3.23,151437214.0
2022-10-11,3.23,3.24,3.12,3.17,3.17,247327648.0
2022-10-12,3.17,3.21,3.14,3.16,3.16,132346669.0
2022-10-13,3.16,3.16,2.8,3.04,3.04,404812363.0
2022-10-14,3.04,3.18,2.96,3.01,3.01,190968633.0
2022-10-15,3.01,3.01,2.92,2.92,2.92,106888292.0
2022-10-16,2.92,3.03,2.92,3.0,3.0,104133221.0
2022-10-17,3.0,3.07,2.97,3.06,3.06,106738860.0
2022-10-18,3.06,3.09,2.91,2.97,2.97,155601321.0
2022-10-19,2.97,2.97,2.82,2.83,2.83,137218158.0
2022-10-20,2.83,2.94,2.8,2.87,2.87,138660751.0
2022-10-21,2.87,2.91,2.74,2.89,2.89,156113217.0
2022-10-22,2.89,2.94,2.83,2.92,2.92,114713810.0
2022-10-23,2.92,3.0,2.85,2.98,2.98,147033126.0
2022-10-24,2.98,3.01,2.88,2.92,2.92,155703854.0
2022-10-25,2.92,3.08,2.89,3.01,3.01,214477136.0
2022-10-26,3.01,3.1,3.0,3.06,3.06,220589439.0
2022-10-27,3.06,3.17,2.95,2.97,2.97,230567279.0
2022-10-28,2.97,3.06,2.9,3.03,3.03,176092385.0
2022-10-29,3.02,3.16,3.02,3.08,3.08,231174593.0
2022-10-30,3.08,3.23,3.06,3.1,3.1,216469098.0
2022-10-31,3.1,3.18,3.05,3.11,3.11,186932364.0
2022-11-01,3.11,3.16,3.01,3.02,3.02,283799853.0
2022-11-02,3.02,3.03,2.84,2.9,2.9,214388643.0
2022-11-03,2.9,3.11,2.89,3.03,3.03,222015457.0
2022-11-04,3.03,3.3,3.02,3.3,3.3,308505907.0
2022-11-05,3.3,3.43,3.27,3.32,3.32,272440100.0
2022-11-06,3.32,3.35,3.1,3.1,3.1,177922788.0
2022-11-07,3.1,3.14,2.99,3.05,3.05,176055342.0
2022-11-08,3.05,3.07,2.44,2.63,2.63,410610392.0
2022-11-09,2.63,2.65,1.99,2.03,2.03,429748761.0
2022-11-10,2.03,2.37,2.0,2.32,2.32,314984396.0
2022-11-11,2.32,2.32,2.05,2.13,2.13,206538009.0
2022-11-12,2.13,2.13,1.96,2.0,2.0,212658468.0
2022-11-13,2.0,2.07,1.9,1.95,1.95,157445587.0
2022-11-14,1.95,2.02,1.8,1.96,1.96,162636261.0
2022-11-15,1.96,2.04,1.94,1.98,1.98,100671880.0
2022-11-16,1.98,2.01,1.9,1.92,1.92,81902410.0
2022-11-17,1.92,1.94,1.82,1.83,1.83,100446214.0
2022-11-18,1.83,1.87,1.76,1.79,1.79,111573239.0
2022-11-19,1.79,1.79,1.71,1.75,1.75,108875409.0
2022-11-20,1.75,1.76,1.56,1.57,1.57,142015271.0
2022-11-21,1.57,1.58,1.44,1.56,1.56,208122620.0
2022-11-22,1.56,1.64,1.5,1.62,1.62,165442710.0
2022-11-23,1.62,1.69,1.59,1.69,1.69,143709665.0
2022-11-24,1.69,1.73,1.63,1.64,1.64,112568442.0
2022-11-25,1.64,1.65,1.6,1.65,1.65,63842718.0
2022-11-26,1.65,1.69,1.59,1.61,1.61,78678830.0
2022-11-27,1.61,1.67,1.6,1.61,1.61,75997397.0
2022-11-28,1.61,1.62,1.49,1.59,1.59,105178802.0
2022-11-29,1.59,1.63,1.56,1.61,1.61,68628187.0
2022-11-30,1.61,1.74,1.61,1.72,1.72,120679877.0
2022-12-01,1.72,1.76,1.69,1.74,1.74,100734674.0
2022-12-02,1.74,1.79,1.72,1.76,1.76,101655225.0
2022-12-03,1.76,1.76,1.67,1.67,1.67,58456590.0
2022-12-04,1.67,1.73,1.67,1.73,1.73,58850694.0
2022-12-05,1.73,1.78,1.69,1.72,1.72,84076072.0
2022-12-06,1.72,1.79,1.72,1.79,1.79,82624827.0
2022-12-07,1.79,1.83,1.67,1.69,1.69,102980814.0
2022-12-08,1.69,1.71,1.65,1.71,1.71,74817747.0
2022-12-09,1.71,1.74,1.68,1.7,1.7,49306651.0
2022-12-10,1.7,1.73,1.69,1.7,1.7,31372686.0
2022-12-11,1.7,1.71,1.63,1.64,1.64,38337682.0
2022-12-12,1.63,1.64,1.58,1.63,1.63,58643791.0
2022-12-13,1.63,1.75,1.56,1.71,1.71,103644880.0
2022-12-14,1.71,1.73,1.66,1.66,1.66,78614138.0
2022-12-15,1.66,1.67,1.59,1.59,1.59,52511222.0
2022-12-16,1.59,1.61,1.36,1.37,1.37,82963736.0
2022-12-17,1.37,1.4,1.35,1.39,1.39,60846647.0
2022-12-18,1.39,1.4,1.35,1.37,1.37,33588572.0
2022-12-19,1.37,1.38,1.24,1.26,1.26,83201570.0
2022-12-20,1.26,1.35,1.26,1.34,1.34,70703522.0
2022-12-21,1.34,1.35,1.28,1.31,1.31,58611198.0
2022-12-22,1.31,1.32,1.27,1.32,1.32,53522303.0
2022-12-23,1.32,1.36,1.32,1.34,1.34,45045587.0
2022-12-24,1.34,1.35,1.33,1.34,1.34,24891465.0
2022-12-25,1.34,1.34,1.3,1.33,1.33,34949213.0
2022-12-26,1.33,1.36,1.33,1.36,1.36,34176307.0
2022-12-27,1.36,1.37,1.33,1.36,1.36,54942822.0
2022-12-28,1.36,1.36,1.3,1.31,1.31,56837110.0
2022-12-29,1.31,1.33,1.27,1.3,1.3,58603771.0
2022-12-30,1.3,1.3,1.25,1.27,1.27,57101220.0
2022-12-31,1.27,1.28,1.25,1.26,1.26,30492788.0
2023-01-01,1.26,1.28,1.24,1.28,1.28,31043495.0
2023-01-02,1.28,1.32,1.26,1.31,1.31,47520245.0
2023-01-03,1.31,1.35,1.31,1.33,1.33,56222458.0
2023-01-04,1.33,1.62,1.33,1.55,1.55,334942587.0
2023-01-05,1.55,1.62,1.51,1.53,1.53,132089984.0
2023-01-06,1.53,1.61,1.49,1.59,1.59,103331314.0
2023-01-07,1.59,1.6,1.55,1.56,1.56,44225449.0
2023-01-08,1.56,1.64,1.52,1.64,1.64,92465052.0
2023-01-09,1.64,1.72,1.63,1.64,1.64,198456723.0
2023-01-10,1.64,1.66,1.6,1.64,1.64,87341484.0
2023-01-11,1.64,1.83,1.56,1.82,1.82,182164053.0
2023-01-12,1.83,1.88,1.73,1.84,1.84,210935189.0
2023-01-13,1.84,1.98,1.78,1.95,1.95,158296706.0
2023-01-14,1.95,2.34,1.95,2.25,2.25,475045566.0
2023-01-15,2.25,2.26,2.11,2.24,2.24,192567718.0
2023-01-16,2.24,2.42,2.08,2.19,2.19,255930355.0
2023-01-17,2.19,2.25,2.15,2.15,2.15,163332038.0
2023-01-18,2.15,2.22,1.97,1.98,1.98,183045028.0
2023-01-19,1.98,2.14,1.97,2.1,2.1,139678683.0
2023-01-20,2.1,2.4,2.05,2.39,2.39,175953169.0
2023-01-21,2.39,2.45,2.32,2.33,2.33,252623520.0
2023-01-22,2.33,2.58,2.33,2.4,2.4,311116144.0
2023-01-23,2.4,2.7,2.4,2.55,2.55,361045209.0
2023-01-24,2.55,2.61,2.33,2.35,2.35,186964661.0
2023-01-25,2.35,2.62,2.29,2.55,2.55,200739515.0
2023-01-26,2.55,2.71,2.5,2.52,2.52,248105377.0
2023-01-27,2.52,2.58,2.4,2.56,2.56,215663040.0
2023-01-28,2.56,2.67,2.44,2.47,2.47,180040630.0
2023-01-29,2.47,2.6,2.44,2.58,2.58,148578496.0
2023-01-30,2.58,2.58,2.26,2.31,2.31,173261954.0
2023-01-31,2.31,2.37,2.28,2.33,2.33,129385476.0
2023-02-01,2.33,2.43,2.18,2.43,2.43,201708268.0
2023-02-02,2.43,2.57,2.42,2.44,2.44,218431778.0
2023-02-03,2.44,2.51,2.41,2.51,2.51,135100236.0
2023-02-04,2.51,2.58,2.44,2.5,2.5,111039314.0
2023-02-05,2.5,2.55,2.34,2.39,2.39,148568756.0
2023-02-06,2.39,2.43,2.29,2.31,2.31,115903780.0
2023-02-07,2.31,2.51,2.31,2.49,2.49,135738895.0
2023-02-08,2.49,2.84,2.47,2.64,2.64,439102256.0
2023-02-09,2.64,2.64,2.23,2.26,2.26,283509044.0
2023-02-10,2.26,2.3,2.21,2.25,2.25,156447976.0
2023-02-11,2.25,2.29,2.21,2.29,2.29,76704602.0
2023-02-12,2.29,2.36,2.2,2.24,2.24,124758010.0
2023-02-13,2.24,2.25,2.1,2.19,2.19,135361256.0
2023-02-14,2.19,2.26,2.13,2.25,2.25,134576020.0
2023-02-15,2.25,2.52,2.21,2.52,2.52,179891415.0
2023-02-16,2.52,2.55,2.3,2.31,2.31,222514770.0
2023-02-17,2.31,2.48,2.3,2.46,2.46,155521003.0
2023-02-18,2.46,2.68,2.46,2.58,2.58,228087134.0
2023-02-19,2.58,2.68,2.53,2.57,2.57,204752613.0
2023-02-20,2.57,2.75,2.5,2.7,2.7,218259496.0
2023-02-21,2.7,2.71,2.5,2.56,2.56,179865958.0
2023-02-22,2.56,2.57,2.4,2.51,2.51,144117072.0
2023-02-23,2.51,2.56,2.42,2.47,2.47,105473729.0
2023-02-24,2.47,2.49,2.26,2.31,2.31,127561833.0
2023-02-25,2.31,2.34,2.21,2.29,2.29,93398219.0
2023-02-26,2.29,2.38,2.27,2.38,2.38,68041850.0
2023-02-27,2.38,2.42,2.29,2.35,2.35,96411387.0
2023-02-28,2.35,2.35,2.22,2.23,2.23,86593930.0
2023-03-01,2.23,2.36,2.21,2.32,2.32,93263430.0
2023-03-02,2.32,2.33,2.21,2.26,2.26,73348364.0
2023-03-03,2.26,2.26,2.05,2.1,2.1,120475361.0
2023-03-04,2.1,2.11,1.99,2.05,2.05,71190982.0
2023-03-05,2.05,2.11,2.02,2.03,2.03,67381532.0
2023-03-06,2.03,2.08,1.99,2.06,2.06,82125022.0
2023-03-07,2.06,2.09,1.95,2.0,2.0,90999462.0
2023-03-08,2.0,2.01,1.83,1.84,1.84,101820924.0
2023-03-09,1.84,1.91,1.74,1.79,1.79,119017347.0
2023-03-10,1.79,1.81,1.68,1.8,1.8,134371369.0
2023-03-11,1.8,1.85,1.71,1.81,1.81,131758334.0
2023-03-12,1.81,1.96,1.78,1.95,1.95,102471192.0
2023-03-13,1.95,2.05,1.9,2.04,2.04,166736609.0
2023-03-14,2.04,2.21,1.99,2.12,2.12,173917335.0
2023-03-15,2.12,2.16,1.88,1.93,1.93,161471815.0
2023-03-16,1.93,1.98,1.91,1.97,1.97,93579090.0
2023-03-17,1.97,2.16,1.94,2.16,2.16,105141549.0
2023-03-18,2.16,2.21,2.08,2.08,2.08,118033392.0
2023-03-19,2.08,2.2,2.08,2.14,2.14,138394263.0
2023-03-20,2.14,2.16,1.98,2.0,2.0,147819846.0
2023-03-21,2.0,2.08,1.94,2.08,2.08,132189804.0
2023-03-22,2.07,2.08,1.89,1.95,1.95,139337490.0
2023-03-23,1.95,2.07,1.93,2.05,2.05,102467994.0
2023-03-24,2.05,2.05,1.94,1.97,1.97,109117101.0
2023-03-25,1.97,2.0,1.9,1.93,1.93,55990320.0
2023-03-26,1.93,1.98,1.92,1.96,1.96,47862481.0
2023-03-27,1.96,1.96,1.82,1.85,1.85,73976080.0
2023-03-28,1.85,1.9,1.81,1.89,1.89,62205756.0
2023-03-29,1.89,2.0,1.88,2.0,2.0,86022382.0
2023-03-30,2.0,2.03,1.91,1.93,1.93,86755881.0
2023-03-31,1.93,2.01,1.89,1.99,1.99,78871887.0
2023-04-01,1.99,2.01,1.96,1.98,1.98,51843441.0
2023-04-02,1.99,2.01,1.9,1.92,1.92,62984807.0
2023-04-03,1.99,2.01,1.9,1.92,1.92,62984807.0
2023-04-04,1.95,1.98,1.92,1.98,1.98,99591832.0
