Date,High,Low,Open,Close,Amount,Count,Vol
2024-05-14 08:57:00,9.991945e-06,9.973545e-06,9.98585e-06,9.974581e-06,1583827049.08,39,15812.201288535005
2024-05-14 08:58:00,1.0004662e-05,9.973236e-06,9.973276e-06,1.0001299e-05,1741617753.71,51,17395.77862212248
2024-05-14 08:59:00,1.0008584e-05,9.996304e-06,1.000403e-05,1.000391e-05,1467222571.41,44,14675.00614264359
2024-05-14 09:00:00,1.0004492e-05,9.959029e-06,1.0003491e-05,9.999976e-06,1730170142.9,57,17270.669408084435
2024-05-14 09:01:00,1.0000856e-05,9.972502e-06,1.0000856e-05,9.977147e-06,1756336621.18,43,17528.359614734356
2024-05-14 09:02:00,9.995238e-06,9.972974e-06,9.974405e-06,9.994221e-06,2228876950.02,61,22250.188924556904
2024-05-14 09:03:00,1.0014968e-05,9.994338e-06,9.994338e-06,1.0013955e-05,1931688308.0,49,19329.684547152185
2024-05-14 09:04:00,1.0037575e-05,1.0005786e-05,1.0010754e-05,1.0036445e-05,2060060848.053448,61,20648.68085681229
2024-05-14 09:05:00,1.0040492e-05,1.0009871e-05,1.0037049e-05,1.0010123e-05,1721381573.9577625,45,17268.80879392914
2024-05-14 09:06:00,1.0035256e-05,1.0003588e-05,1.0007905e-05,1.0032901e-05,1827297228.11,52,18309.19017130695
2024-05-14 09:07:00,1.0042425e-05,1.0024059e-05,1.0030057e-05,1.0033699e-05,1730130222.15,46,17359.396877430037
2024-05-14 09:08:00,1.0033047e-05,1.0016935e-05,1.0030457e-05,1.002079e-05,2051068741.54,48,20557.715583768415
2024-05-14 09:09:00,1.0021964e-05,1.0011043e-05,1.0018833e-05,1.0020701e-05,1708715521.06,47,17116.461434782177
2024-05-14 09:10:00,1.0086017e-05,1.0018095e-05,1.0018547e-05,1.0080655e-05,1962061955.2,79,19707.491908391785
2024-05-14 09:11:00,1.0104904e-05,1.0068752e-05,1.0085102e-05,1.0089496e-05,949319382.1111435,44,9578.441530212916
2024-05-14 09:12:00,1.0083608e-05,1.0072391e-05,1.0083608e-05,1.0080657e-05,191112352.52,12,1925.4541193389587
2024-05-14 09:13:00,1.0117284e-05,1.0085717e-05,1.0085717e-05,1.011264e-05,1519462681.01,53,15345.02664400865
2024-05-14 09:14:00,1.0124007e-05,1.0108364e-05,1.0113562e-05,1.0112609e-05,1750603391.6094995,57,17708.07120916945
2024-05-14 09:15:00,1.0108858e-05,1.0080377e-05,1.0108858e-05,1.0099508e-05,2362047361.16,70,23840.306824961815
2024-05-14 09:16:00,1.0131598e-05,1.009941e-05,1.0100229e-05,1.0125811e-05,2240156606.5419216,59,22662.20207458512
2024-05-14 09:17:00,1.0147924e-05,1.0128022e-05,1.0128132e-05,1.0136426e-05,1833592107.95,49,18590.458658549716
2024-05-14 09:18:00,1.0189013e-05,1.0138994e-05,1.0138994e-05,1.0166815e-05,2054517657.17,89,20898.693485864518
2024-05-14 09:19:00,1.0188158e-05,1.01596e-05,1.016348e-05,1.0173957e-05,670227086.5364121,30,6817.95074396621
2024-05-14 09:20:00,1.0171549e-05,1.0122542e-05,1.0171051e-05,1.0124576e-05,1637497427.0898898,61,16611.524987907076
2024-05-14 09:21:00,1.0121147e-05,1.01e-05,1.0121147e-05,1.01198e-05,264505951.28,19,2673.8270071977854
2024-05-14 09:22:00,1.0115199e-05,1.0095851e-05,1.0115199e-05,1.0095851e-05,675319404.27,21,6823.655921348692
2024-05-14 09:23:00,1.0097558e-05,1.0075443e-05,1.0092352e-05,1.0082818e-05,1211037387.72,41,12215.810691365452
2024-05-14 09:24:00,1.009536e-05,1.0080515e-05,1.0080515e-05,1.0091325e-05,2097402566.11,58,21160.71042860704
2024-05-14 09:25:00,1.0107105e-05,1.0085028e-05,1.0091221e-05,1.0089852e-05,1774872332.93,61,17921.510868644025
2024-05-14 09:26:00,1.0114973e-05,1.0086325e-05,1.009031e-05,1.0086927e-05,1840798254.5267606,61,18595.01885350277
2024-05-14 09:27:00,1.0106792e-05,1.0090086e-05,1.0090086e-05,1.0101049e-05,1782114363.79,53,17999.410807174365
2024-05-14 09:28:00,1.0139103e-05,1.0102551e-05,1.0102551e-05,1.0138885e-05,2124806040.49,63,21517.158261264507
2024-05-14 09:29:00,1.016e-05,1.013753e-05,1.0138386e-05,1.0153603e-05,2019300704.73,68,20493.903792381658
2024-05-14 09:30:00,1.0157642e-05,1.0135913e-05,1.0153483e-05,1.0136363e-05,2349251357.45031,75,23840.65687468266
2024-05-14 09:31:00,1.0138949e-05,1.0104001e-05,1.0136737e-05,1.0134447e-05,2161022824.92,78,21853.048883983916
2024-05-14 09:32:00,1.0141005e-05,1.0117937e-05,1.0135827e-05,1.0123686e-05,1909739070.97,54,19340.90131787678
2024-05-14 09:33:00,1.0130307e-05,1.0114818e-05,1.0122854e-05,1.0127331e-05,2148220334.33,56,21745.452454026647
2024-05-14 09:34:00,1.0133128e-05,1.0121214e-05,1.0125487e-05,1.0127434e-05,1298313042.58,40,13148.841960708136
2024-05-14 09:35:00,1.0126352e-05,1.0084693e-05,1.0126352e-05,1.0105513e-05,2204166477.25,84,22265.73081091907
2024-05-14 09:36:00,1.0157706e-05,1.0088305e-05,1.010547e-05,1.0148169e-05,1786901644.804248,67,18074.662549728862
2024-05-14 09:37:00,1.0142746e-05,1.013e-05,1.0140751e-05,1.013e-05,149003046.55,24,1510.6754354570414
2024-05-14 09:38:00,1.0149534e-05,1.0126545e-05,1.0128243e-05,1.0149534e-05,1179081709.12,37,11956.47062639459
2024-05-14 09:39:00,1.0150695e-05,1.0143026e-05,1.0149607e-05,1.0149365e-05,1867394930.4680538,48,18948.40243336502
2024-05-14 09:40:00,1.0155555e-05,1.0107751e-05,1.0149711e-05,1.0129814e-05,1998357952.06,76,20233.596823711658
2024-05-14 09:41:00,1.0128919e-05,1.0088191e-05,1.0128919e-05,1.0094487e-05,1465536929.71,52,14797.91740983253
2024-05-14 09:42:00,1.0089049e-05,1.006e-05,1.0089049e-05,1.006746e-05,943308563.58,39,9501.995378475613
2024-05-14 09:43:00,1.0068551e-05,1.0032521e-05,1.0068551e-05,1.0048208e-05,2753741599.85,82,27668.826749531156
2024-05-14 09:44:00,1.0045913e-05,1.0033433e-05,1.0044083e-05,1.0034435e-05,870824321.65,35,8743.366393167416
2024-05-14 09:45:00,1.0033429e-05,1.0000323e-05,1.0033429e-05,1.0013473e-05,1757942189.42,68,17601.803222630017
2024-05-14 09:46:00,1.0033745e-05,1.0002114e-05,1.0005507e-05,1.0031213e-05,1872687964.45,52,18767.313539460934
2024-05-14 09:47:00,1.0061374e-05,1.00115e-05,1.0031533e-05,1.0048378e-05,3352216308.82,127,33651.22394484653
2024-05-14 09:48:00,1.0056335e-05,1.0027899e-05,1.0056335e-05,1.0035293e-05,307353031.57,25,3085.75891321634
2024-05-14 09:49:00,1.0069003e-05,1.0031396e-05,1.0034656e-05,1.0069003e-05,198220693.87,32,1992.5857100968817
2024-05-14 09:50:00,1.0077056e-05,1.0062747e-05,1.0074871e-05,1.0062747e-05,98160066.84988333,22,988.7837659845121
2024-05-14 09:51:00,1.0066629e-05,1.0028e-05,1.0065482e-05,1.0039355e-05,1054369064.5649686,46,10592.99219294631
2024-05-14 09:52:00,1.0041095e-05,1.0011378e-05,1.0035841e-05,1.0011965e-05,441970002.03,25,4430.417119774634
2024-05-14 09:53:00,1.0014609e-05,9.9899e-06,1.0012923e-05,9.990937e-06,954961119.55,43,9554.350174929616
2024-05-14 09:54:00,1.0000586e-05,9.974546e-06,9.989876e-06,9.984138e-06,909563747.65,39,9084.149758036918
2024-05-14 09:55:00,1.0002148e-05,9.978975e-06,9.982499e-06,9.997296e-06,1014768370.54,34,10142.180840363595
2024-05-14 09:56:00,9.998581e-06,9.956559e-06,9.998581e-06,9.970552e-06,1746093123.3129191,57,17413.47780236835
2024-05-14 09:57:00,9.98935e-06,9.960078e-06,9.971145e-06,9.986778e-06,845058963.54,27,8429.62496913698
2024-05-14 09:58:00,9.992892e-06,9.982599e-06,9.985305e-06,9.992892e-06,477908163.69,11,4773.458558493178
2024-05-14 09:59:00,1.0020678e-05,1.0005555e-05,1.0005751e-05,1.0007061e-05,1782912488.71,43,17852.136515166632
2024-05-14 10:00:00,1.0007942e-05,9.980924e-06,1.0007118e-05,9.986325e-06,2282824436.27,68,22813.111365317516
2024-05-14 10:01:00,1.0019037e-05,9.985235e-06,9.985235e-06,1.0005079e-05,1963874195.54,66,19657.58490264187
2024-05-14 10:02:00,1.0030395e-05,1.0006118e-05,1.0006365e-05,1.0030185e-05,1590407996.51,49,15937.278373222056
2024-05-14 10:03:00,1.00282e-05,1.0001075e-05,1.00282e-05,1.0001075e-05,1901505877.37,68,19045.220359448344
2024-05-14 10:04:00,1.000309e-05,9.972402e-06,1.000309e-05,9.987675e-06,1781255042.41,46,17786.252595494807
2024-05-14 10:05:00,9.984532e-06,9.925038e-06,9.984532e-06,9.929283e-06,1737842845.14,63,17303.25956539031
2024-05-14 10:06:00,9.93413e-06,9.887871e-06,9.931272e-06,9.902954e-06,1217645107.5242224,82,12063.85932398343
2024-05-14 10:07:00,9.928485e-06,9.893816e-06,9.907112e-06,9.928485e-06,274423432.74,29,2721.802803816192
2024-05-14 10:08:00,9.951259e-06,9.911713e-06,9.932494e-06,9.951259e-06,191731236.39,27,1903.8500721559635
2024-05-14 10:09:00,9.960105e-06,9.9408e-06,9.942894e-06,9.952309e-06,144498128.11854228,21,1437.7787998517715
2024-05-14 10:10:00,9.950689e-06,9.927825e-06,9.950689e-06,9.943524e-06,259500012.15,16,2577.923648812407
2024-05-14 10:11:00,9.951117e-06,9.927894e-06,9.9445e-06,9.927894e-06,1441885637.7399468,46,14333.804626961957
2024-05-14 10:12:00,9.934055e-06,9.92e-06,9.927328e-06,9.934055e-06,1443048999.06,37,14322.123550057959
2024-05-14 10:13:00,9.929288e-06,9.898562e-06,9.929288e-06,9.901625e-06,2088012991.0990276,58,20687.40850992487
2024-05-14 10:14:00,9.901491e-06,9.87037e-06,9.901491e-06,9.886519e-06,1660150683.9709806,55,16409.318569813866
2024-05-14 10:15:00,9.940646e-06,9.871038e-06,9.880746e-06,9.940646e-06,1291740066.06,50,12817.712116127994
2024-05-14 10:16:00,9.950169e-06,9.937144e-06,9.941961e-06,9.945698e-06,271889935.51975495,15,2703.5163977356337
2024-05-14 10:17:00,9.947314e-06,9.919067e-06,9.937142e-06,9.939135e-06,626767130.54,24,6229.572068117196
2024-05-14 10:18:00,9.932299e-06,9.926618e-06,9.928101e-06,9.929305e-06,442241112.17,17,4391.015016535913
2024-05-14 10:19:00,9.928101e-06,9.907274e-06,9.928101e-06,9.911998e-06,1765589195.87,58,17505.86806295436
2024-05-14 10:20:00,9.915838e-06,9.90612e-06,9.913482e-06,9.907838e-06,1894629856.39,54,18776.690604329295
2024-05-14 10:21:00,9.921939e-06,9.90606e-06,9.907866e-06,9.919636e-06,1756803124.86,64,17414.78853489655
2024-05-14 10:22:00,9.930949e-06,9.908339e-06,9.917059e-06,9.923174e-06,1756825200.06,65,17425.949920275645
2024-05-14 10:23:00,9.950736e-06,9.924052e-06,9.924668e-06,9.944393e-06,1940816622.89,65,19288.579496598213
2024-05-14 10:24:00,9.961513e-06,9.938077e-06,9.942123e-06,9.956378e-06,1726087833.38,48,17182.711116151746
2024-05-14 10:25:00,9.975361e-06,9.944316e-06,9.954469e-06,9.956648e-06,1970642815.96,61,19626.244216085175
2024-05-14 10:26:00,9.976674e-06,9.945934e-06,9.956605e-06,9.945934e-06,1834831503.73,63,18285.62600069411
2024-05-14 10:27:00,9.945202e-06,9.930926e-06,9.945202e-06,9.940515e-06,1856576851.73,46,18449.56823236356
2024-05-14 10:28:00,9.951111e-06,9.924185e-06,9.937417e-06,9.948745e-06,2058482899.59,67,20453.233628856713
2024-05-14 10:29:00,9.948051e-06,9.917522e-06,9.948051e-06,9.934748e-06,1949972247.06,57,19367.963714329348
2024-05-14 10:30:00,9.93784e-06,9.916469e-06,9.930196e-06,9.927993e-06,1836920125.79,56,18233.368679739648
2024-05-14 10:31:00,9.97612e-06,9.925396e-06,9.925396e-06,9.968736e-06,1704766062.56,60,16982.680488292124
2024-05-14 10:32:00,9.986272e-06,9.970877e-06,9.970877e-06,9.986272e-06,134195021.19,18,1338.704383316648
2024-05-14 10:33:00,1.004e-05,9.994087e-06,9.994087e-06,1.0032476e-05,903824913.73,41,9053.520637388305
2024-05-14 10:34:00,1.0033153e-05,1.0020742e-05,1.0030957e-05,1.0031336e-05,92323184.7,13,925.8492244030521
2024-05-14 10:35:00,1.0078481e-05,1.0023781e-05,1.0030993e-05,1.0072078e-05,1775582742.04,55,17831.427617047397
2024-05-14 10:36:00,1.0076727e-05,1.0044476e-05,1.0074657e-05,1.0044476e-05,229569052.49,29,2311.2672593148245
2024-05-14 10:37:00,1.0047065e-05,1.0025855e-05,1.0046675e-05,1.0035146e-05,259001538.3,31,2597.872362958728
2024-05-14 10:38:00,1.0040611e-05,1.0013089e-05,1.0026828e-05,1.0026832e-05,556321639.61,21,5580.387227789841
2024-05-14 10:39:00,1.0039886e-05,1.0020418e-05,1.0027335e-05,1.0037643e-05,1602059678.89,42,16070.452404892014
2024-05-14 10:40:00,1.0044036e-05,1.0031513e-05,1.003515e-05,1.0035902e-05,1436831030.66,42,14418.983895796904
2024-05-14 10:41:00,1.0034995e-05,1.0010251e-05,1.0034995e-05,1.0012315e-05,1810165650.78,54,18132.49727284163
2024-05-14 10:42:00,1.0014139e-05,9.985296e-06,1.0014139e-05,1.0007095e-05,1469946454.67,47,14699.305273747412
2024-05-14 10:43:00,1.0016273e-05,1.0000683e-05,1.0006836e-05,1.0005637e-05,1609743567.1,39,16107.121728819357
2024-05-14 10:44:00,1.0006299e-05,9.987205e-06,1.0006299e-05,1.0004136e-05,1939500223.15,52,19391.247036325283
2024-05-14 10:45:00,1.0019889e-05,9.99447e-06,1.0001925e-05,1.0019865e-05,1472065676.14,49,14727.633470567223
2024-05-14 10:46:00,1.0022419e-05,1.0009545e-05,1.0022419e-05,1.0010989e-05,1614306031.43,45,16171.472193598207
2024-05-14 10:47:00,1.0009467e-05,9.991937e-06,1.0008723e-05,9.995019e-06,1613164007.43,46,16131.767572546978
2024-05-14 10:48:00,9.99446e-06,9.97692e-06,9.994196e-06,9.992799e-06,1226404965.01,42,12248.96237958251
2024-05-14 10:49:00,1.0018163e-05,9.97132e-06,9.991815e-06,1.0015859e-05,2018483290.896545,85,20164.64186715128
2024-05-14 10:50:00,1.0030093e-05,1.0012601e-05,1.0014498e-05,1.0030093e-05,1266586225.899383,36,12689.569312373424
2024-05-14 10:51:00,1.0037238e-05,1.0021245e-05,1.0030424e-05,1.0035272e-05,1327160302.07,40,13314.595286202652
2024-05-14 10:52:00,1.0032678e-05,1.0023042e-05,1.0032678e-05,1.0023042e-05,1350412406.23,41,13542.003823938876
2024-05-14 10:53:00,1.0046739e-05,1.0007704e-05,1.0020585e-05,1.0046211e-05,1913001584.43,75,19183.821401655852
2024-05-14 10:54:00,1.0057578e-05,1.0043659e-05,1.0045979e-05,1.0055776e-05,2200874884.57,55,22120.498166992078
2024-05-14 10:55:00,1.0078273e-05,1.0050968e-05,1.0063104e-05,1.0050968e-05,1947307245.55,70,19592.634700847957
2024-05-14 10:56:00,1.0069294e-05,1.0042984e-05,1.0050979e-05,1.0050052e-05,2212380566.57,67,22244.63914718438
2024-05-14 10:57:00,1.0050619e-05,1.0022878e-05,1.0050117e-05,1.0026774e-05,2341492045.16,56,23498.22339453988
2024-05-14 10:58:00,1.0054221e-05,1.0022857e-05,1.0025495e-05,1.0044417e-05,2132212536.19,52,21414.394229651654
2024-05-14 10:59:00,1.0051058e-05,1.004038e-05,1.0045301e-05,1.0045679e-05,1316372885.77,30,13222.941171694172
2024-05-14 11:00:00,1.0049755e-05,1.0031733e-05,1.004485e-05,1.0035156e-05,1845607159.92,52,18527.301238061467
2024-05-14 11:01:00,1.004693e-05,1.0026317e-05,1.0036268e-05,1.0027198e-05,1863346145.57,54,18700.92306731166
2024-05-14 11:02:00,1.002759e-05,1.0003779e-05,1.0026714e-05,1.0003779e-05,1973898952.56,65,19771.20770788234
2024-05-14 11:03:00,1.0008924e-05,9.98341e-06,1.0001981e-05,9.98341e-06,1819973591.88,50,18189.568251837914
2024-05-14 11:04:00,9.985015e-06,9.953189e-06,9.985015e-06,9.973269e-06,2193232931.31,71,21866.471305546274
2024-05-14 11:05:00,9.997193e-06,9.972766e-06,9.972766e-06,9.993514e-06,1539972710.19,46,15381.909879796254
2024-05-14 11:06:00,9.99169e-06,9.962503e-06,9.99169e-06,9.975063e-06,1890529989.35,58,18857.931696509742
2024-05-14 11:07:00,9.989629e-06,9.969181e-06,9.971832e-06,9.98268e-06,1555590554.9,38,15526.645019744283
2024-05-14 11:08:00,1.0003939e-05,9.983537e-06,9.983959e-06,9.986306e-06,1832638513.22,54,18318.978080570756
2024-05-14 11:09:00,1.000063e-05,9.985844e-06,9.986448e-06,1.0000437e-05,1828844946.04,47,18273.66706438742
2024-05-14 11:10:00,1.0023133e-05,1.0000566e-05,1.0000566e-05,1.0022946e-05,1586939413.05,56,15893.713536342057
2024-05-14 11:11:00,1.0043181e-05,1.0014004e-05,1.0022746e-05,1.0016447e-05,1765387739.5,59,17702.076618220213
2024-05-14 11:12:00,1.0020328e-05,1.0011531e-05,1.0017728e-05,1.0016691e-05,1511127104.62,39,15134.448777448402
2024-05-14 11:13:00,1.0029122e-05,1.001552e-05,1.001552e-05,1.0027475e-05,2264656884.55,51,22699.705539983315
2024-05-14 11:14:00,1.0046581e-05,1.002678e-05,1.0027269e-05,1.0045441e-05,1397413174.57,46,14031.127386758511
2024-05-14 11:15:00,1.0058184e-05,1.0045172e-05,1.0045361e-05,1.0053794e-05,1413685633.4,47,14210.921059921835
2024-05-14 11:16:00,1.0061986e-05,1.0051009e-05,1.0053376e-05,1.0051009e-05,1575938036.27,48,15846.178947828424
2024-05-14 11:17:00,1.0056626e-05,1.0045942e-05,1.004909e-05,1.0048554e-05,1301490126.75,46,13081.90325197992
2024-05-14 11:18:00,1.0075908e-05,1.0048592e-05,1.0048755e-05,1.007052e-05,1448545851.96,62,14579.996756228698
2024-05-14 11:19:00,1.0134319e-05,1.0072036e-05,1.007215e-05,1.012979e-05,2699077428.23,103,27296.33160569463
2024-05-14 11:20:00,1.0138815e-05,1.0125088e-05,1.0130525e-05,1.0131222e-05,251233235.49,26,2545.269489703385
2024-05-14 11:21:00,1.0239999e-05,1.012254e-05,1.0124252e-05,1.0211054e-05,2637030645.39,130,26886.945257336534
2024-05-14 11:22:00,1.0202179e-05,1.0167038e-05,1.0202179e-05,1.0170399e-05,240830728.62380755,28,2450.7845987105766
2024-05-14 11:23:00,1.0175692e-05,1.0148144e-05,1.0164377e-05,1.0165721e-05,897988449.1,39,9123.413677537977
2024-05-14 11:24:00,1.0173326e-05,1.0149176e-05,1.0170581e-05,1.0149176e-05,122936605.33362792,23,1249.5332542303602
2024-05-14 11:25:00,1.0158446e-05,1.0130459e-05,1.01432e-05,1.0142923e-05,505089582.15,36,5123.240908705966
2024-05-14 11:26:00,1.0172816e-05,1.0141583e-05,1.0141583e-05,1.0163346e-05,21539220659.88,193,218799.06245860818
2024-05-14 11:27:00,1.0165725e-05,1.01188e-05,1.0156781e-05,1.01188e-05,294039798.54,31,2985.8259241682795
2024-05-14 11:28:00,1.0130369e-05,1.01e-05,1.0118076e-05,1.0130369e-05,518703050.81,27,5248.495680695626
2024-05-14 11:29:00,1.0127379e-05,1.01032e-05,1.0125304e-05,1.0122533e-05,9787945756.09,65,98954.49097080881
2024-05-14 11:30:00,1.0114483e-05,1.0079159e-05,1.0114483e-05,1.0088232e-05,816760379.5749403,63,8244.261876584229
2024-05-14 11:31:00,1.010013e-05,1.0062207e-05,1.0089564e-05,1.0074897e-05,802445635.5983601,64,8088.75341207783
2024-05-14 11:32:00,1.0073123e-05,1.0050479e-05,1.0073123e-05,1.005583e-05,1813747454.9,45,18260.66419430325
2024-05-14 11:33:00,1.005935e-05,1.0015328e-05,1.005935e-05,1.0015328e-05,515205576.01,32,5175.200785060816
2024-05-14 11:34:00,1.0035254e-05,1.00036e-05,1.0018233e-05,1.0029869e-05,323874969.8068745,43,3243.9079327908053
2024-05-14 11:35:00,1.0069913e-05,1.0031681e-05,1.0031681e-05,1.0068929e-05,423748308.33,35,4259.073202967384
2024-05-14 11:36:00,1.0071532e-05,1.0017429e-05,1.0061717e-05,1.0017429e-05,479428270.99249643,33,4816.019546074642
2024-05-14 11:37:00,1.001946e-05,1.00089e-05,1.0017849e-05,1.00089e-05,11348728456.33,101,113603.52994741863
2024-05-14 11:38:00,1.0032127e-05,9.9954e-06,1.0010633e-05,1.001917e-05,841828597.33,32,8427.06031542387
2024-05-14 11:39:00,1.0025641e-05,1.0000169e-05,1.0024643e-05,1.0000169e-05,98191775.63,9,983.8155984421312
2024-05-14 11:40:00,1.0023959e-05,1.0003222e-05,1.0003222e-05,1.0023951e-05,75564080.7,12,756.8445217186787
2024-05-14 11:41:00,1.0045839e-05,1.0009153e-05,1.0022211e-05,1.0035354e-05,2122483454.36,39,21282.84813674241
2024-05-14 11:42:00,1.0060875e-05,1.0021047e-05,1.0033289e-05,1.0058754e-05,10918649379.95,92,109586.30644336905
2024-05-14 11:43:00,1.0048659e-05,1.001e-05,1.00482e-05,1.00214e-05,544566000.62,21,5456.284581463989
2024-05-14 11:44:00,1.0034397e-05,1.0023824e-05,1.0026202e-05,1.0034397e-05,56467993.45,6,566.3595312224245
2024-05-14 11:45:00,1.0026826e-05,1.001e-05,1.0022102e-05,1.0020894e-05,8153090922.13,82,81627.29432560288
2024-05-14 11:46:00,1.0025289e-05,1.001e-05,1.0025289e-05,1.001e-05,4424219623.16,60,44296.88465982922
2024-05-14 11:47:00,1.0027154e-05,1.0010022e-05,1.0010022e-05,1.0019349e-05,1794621310.53,48,17977.00603822042
2024-05-14 11:48:00,1.0024964e-05,1.00081e-05,1.0019144e-05,1.00081e-05,11327963633.19,191,113380.4924698658
2024-05-14 11:49:00,1.0008148e-05,9.961887e-06,1.0008148e-05,9.974167e-06,4604309998.574415,68,46027.94098149488
2024-05-14 11:50:00,9.983752e-06,9.960667e-06,9.970626e-06,9.964253e-06,1345297090.55,32,13413.659029593042
2024-05-14 11:51:00,9.987814e-06,9.96336e-06,9.966185e-06,9.976498e-06,1667138400.15,36,16633.016767016354
2024-05-14 11:52:00,1.0010529e-05,9.974454e-06,9.974481e-06,9.996071e-06,2295887685.36,45,22950.053796963333
2024-05-14 11:53:00,1.0005241e-05,9.993782e-06,9.995671e-06,1.0002242e-05,781740002.29,19,7817.492770950018
2024-05-14 11:54:00,1.0012162e-05,9.98315e-06,1.0004063e-05,9.98456e-06,1741606966.21,45,17419.62644717964
2024-05-14 11:55:00,9.999358e-06,9.985822e-06,9.989471e-06,9.988961e-06,1325241469.01,30,13241.773307104986
2024-05-14 11:56:00,1.0013977e-05,9.985178e-06,9.991901e-06,1.0013977e-05,1790264686.3364697,46,17897.17103670411
2024-05-14 11:57:00,1.0021496e-05,1.0012604e-05,1.0013825e-05,1.0018192e-05,1507505849.1,37,15099.836704533427
2024-05-14 11:58:00,1.0015694e-05,1.000305e-05,1.0015694e-05,1.0003068e-05,1823800797.0,49,18249.79193865141
2024-05-14 11:59:00,1.0004285e-05,9.995701e-06,1.0002645e-05,1.0001472e-05,2035731228.06,55,20360.885178744906
2024-05-14 12:00:00,1.0017051e-05,9.984875e-06,9.999621e-06,1.0011327e-05,3040546879.55,88,30393.33596341043
2024-05-14 12:01:00,1.0033409e-05,1.0007519e-05,1.0013021e-05,1.0027051e-05,2313042762.01,52,23176.735138341242
2024-05-14 12:02:00,1.0033716e-05,9.997286e-06,1.0027441e-05,1.0012516e-05,1928457562.78,54,19317.998222467435
2024-05-14 12:03:00,1.0030688e-05,1.0013019e-05,1.0013019e-05,1.0030643e-05,2590701884.23,49,25964.77942898966
2024-05-14 12:04:00,1.0079952e-05,1.003108e-05,1.0031364e-05,1.0061889e-05,1900583424.28,74,19119.548642963266
2024-05-14 12:05:00,1.0068932e-05,1.00455e-05,1.0060321e-05,1.00455e-05,322199683.22,13,3241.45980614222
2024-05-14 12:06:00,1.0071229e-05,1.0045596e-05,1.0045596e-05,1.0048719e-05,951153063.43,31,9568.323890135487
2024-05-14 12:07:00,1.005957e-05,1.0044424e-05,1.004568e-05,1.0044424e-05,665065755.28,24,6685.033100456141
2024-05-14 12:08:00,1.0047883e-05,1.0022447e-05,1.0044571e-05,1.0022447e-05,1242365021.4,31,12467.186454919318
2024-05-14 12:09:00,1.0062124e-05,1.002453e-05,1.0024783e-05,1.0060642e-05,1721745674.28,49,17284.218123989627
2024-05-14 12:10:00,1.00612e-05,1.0052924e-05,1.0056694e-05,1.0057008e-05,1715179733.93,19,17251.247784838903
2024-05-14 12:11:00,1.0078737e-05,1.0057158e-05,1.0060264e-05,1.0076506e-05,5430820346.4,72,54713.488248239926
2024-05-14 12:12:00,1.0076506e-05,1.0067486e-05,1.0076506e-05,1.0076506e-05,15947996976.09,276,160695.50743985287
2024-05-14 12:13:00,1.0138807e-05,1.0076506e-05,1.0076506e-05,1.0138807e-05,6847597690.44,81,69082.41041629073
2024-05-14 12:14:00,1.0144293e-05,1.0104077e-05,1.0144293e-05,1.0112476e-05,607294026.49,28,6149.421385959161
2024-05-14 12:15:00,1.0117803e-05,1.0094986e-05,1.0112476e-05,1.0113647e-05,517935689.9861422,35,5235.949974949396
2024-05-14 12:16:00,1.0153144e-05,1.0111654e-05,1.0113755e-05,1.0139783e-05,778445826.68,28,7896.724184096311
2024-05-14 12:17:00,1.014467e-05,1.013143e-05,1.013143e-05,1.0138766e-05,214487468.13798404,14,2174.2850834833184
2024-05-14 12:18:00,1.0153532e-05,1.0131506e-05,1.0132308e-05,1.0148601e-05,918718158.16,29,9316.721410793938
2024-05-14 12:19:00,1.0174411e-05,1.0137896e-05,1.0148492e-05,1.0169647e-05,1644705451.96,53,16706.33051247248
2024-05-14 12:20:00,1.0178049e-05,1.0145e-05,1.0171562e-05,1.0150461e-05,1575047966.94,50,16003.530149377792
2024-05-14 12:21:00,1.0183966e-05,1.0149178e-05,1.0149178e-05,1.0175586e-05,635017143.4391719,26,6461.206060007371
2024-05-14 12:22:00,1.0224946e-05,1.0181851e-05,1.0183964e-05,1.0219478e-05,629544701.62,30,6418.613895165224
2024-05-14 12:23:00,1.0215436e-05,1.0185703e-05,1.0215436e-05,1.0188094e-05,485148159.0,23,4948.339905942427
2024-05-14 12:24:00,1.0196485e-05,1.0177601e-05,1.018e-05,1.0188904e-05,722654435.96,35,7362.936441160348
2024-05-14 12:25:00,1.0217402e-05,1.0181707e-05,1.0181707e-05,1.0210921e-05,864192785.53,35,8811.350835645208
2024-05-14 12:26:00,1.021151e-05,1.0181e-05,1.021151e-05,1.01926e-05,170373631.52,32,1736.6950058419054
2024-05-14 12:27:00,1.0196324e-05,1.017749e-05,1.0196324e-05,1.0181773e-05,1078740797.87,28,10990.107482125546
2024-05-14 12:28:00,1.0196325e-05,1.0178986e-05,1.018219e-05,1.0183122e-05,1421058122.36,35,14476.418246515388
2024-05-14 12:29:00,1.0181242e-05,1.016486e-05,1.0181242e-05,1.0164906e-05,1569155226.51,42,15961.267801469858
2024-05-14 12:30:00,1.0165002e-05,1.0128691e-05,1.0165002e-05,1.013751e-05,1809710850.01,63,18352.966589038333
2024-05-14 12:31:00,1.0137572e-05,1.0106234e-05,1.0137572e-05,1.0109437e-05,1481811619.1,52,14993.227422239048
2024-05-14 12:32:00,1.0117879e-05,1.0104724e-05,1.0106165e-05,1.0105351e-05,1065558195.77,30,10772.552563171848
2024-05-14 12:33:00,1.0145277e-05,1.0106336e-05,1.0106336e-05,1.0134593e-05,1893023922.11,61,19173.94972755055
2024-05-14 12:34:00,1.0176772e-05,1.0134577e-05,1.0134577e-05,1.0172976e-05,1041047242.83,30,10565.164096707875
2024-05-14 12:35:00,1.0182756e-05,1.0157646e-05,1.0174282e-05,1.0157646e-05,97228700.14,15,989.0603036654842
2024-05-14 12:36:00,1.017608e-05,1.0145746e-05,1.01522e-05,1.017608e-05,1137203716.8,31,11547.476418145021
2024-05-14 12:37:00,1.0178992e-05,1.0156207e-05,1.0169291e-05,1.0156208e-05,1289577328.56,37,13105.463513865285
2024-05-14 12:38:00,1.0161675e-05,1.0138496e-05,1.0153565e-05,1.0160317e-05,1565940776.65,34,15892.803972534704
2024-05-14 12:39:00,1.0155031e-05,1.0139444e-05,1.0152764e-05,1.0141949e-05,1549352425.52,40,15722.10286300138
2024-05-14 12:40:00,1.0160577e-05,1.0133537e-05,1.0139815e-05,1.0160577e-05,1855343501.88,50,18820.28449041389
2024-05-14 12:41:00,1.0188613e-05,1.0150414e-05,1.015738e-05,1.0188472e-05,4726802652.47,90,48116.27744800724
2024-05-14 12:42:00,1.0190109e-05,1.0176613e-05,1.0188201e-05,1.0188679e-05,1182151700.49914,31,12040.277961257178
2024-05-14 12:43:00,1.0195017e-05,1.0169271e-05,1.019037e-05,1.0169271e-05,2082660339.36,50,21210.837389582168
2024-05-14 12:44:00,1.0181549e-05,1.0162255e-05,1.0169042e-05,1.0181002e-05,1894616609.98,46,19269.436747738102
2024-05-14 12:45:00,1.0178481e-05,1.0157978e-05,1.0173294e-05,1.0178481e-05,1735445542.93,47,17644.09528726213
2024-05-14 12:46:00,1.0189996e-05,1.0171494e-05,1.0182969e-05,1.0171494e-05,1410242291.59,37,14360.986101342443
2024-05-14 12:47:00,1.0170733e-05,1.015676e-05,1.0170457e-05,1.0158601e-05,1652267006.879099,47,16790.38095262692
2024-05-14 12:48:00,1.0185264e-05,1.0155389e-05,1.0159598e-05,1.018204e-05,1484993824.58,46,15101.456110364317
2024-05-14 12:49:00,1.023e-05,1.0179787e-05,1.0179787e-05,1.022899e-05,2523134049.83,80,25746.314538117913
2024-05-14 12:50:00,1.0230275e-05,1.020565e-05,1.0230275e-05,1.0209099e-05,1176507818.87,35,12018.288895544636
2024-05-14 12:51:00,1.0212492e-05,1.0187513e-05,1.021231e-05,1.0192812e-05,2040249140.8,40,20798.311944987803
2024-05-14 12:52:00,1.0207701e-05,1.0186118e-05,1.0186118e-05,1.0192107e-05,1574249768.95,45,16048.443716325566
2024-05-14 12:53:00,1.0195713e-05,1.0189319e-05,1.0193114e-05,1.0190753e-05,905367712.89,26,9227.270988267455
2024-05-14 12:54:00,1.0190919e-05,1.0177544e-05,1.0188018e-05,1.0180696e-05,1705310117.07,49,17365.37664210092
2024-05-14 12:55:00,1.0182906e-05,1.0168497e-05,1.0179659e-05,1.0168497e-05,1262912477.56,41,12852.02606204924
2024-05-14 12:56:00,1.0182583e-05,1.0166129e-05,1.0166129e-05,1.0180135e-05,2247765604.93,73,22877.12933386665
2024-05-14 12:57:00,1.0208561e-05,1.0180913e-05,1.0180913e-05,1.0205888e-05,1197269834.56,46,12209.315736004448
2024-05-14 12:58:00,1.0203507e-05,1.0180681e-05,1.0203507e-05,1.0189715e-05,1714831945.6,58,17472.48126293291
2024-05-14 12:59:00,1.0189147e-05,1.0160317e-05,1.0189147e-05,1.0160317e-05,1419851051.2211695,48,14450.192267110417
2024-05-14 13:00:00,1.0164987e-05,1.0141673e-05,1.0163347e-05,1.0161078e-05,2737354667.25,70,27792.16519761833
2024-05-14 13:01:00,1.0185424e-05,1.0135521e-05,1.0164663e-05,1.0136192e-05,1601172774.37,58,16267.03947982127
2024-05-14 13:02:00,1.0138143e-05,1.0125e-05,1.0138008e-05,1.0138142e-05,654228827.17,20,6624.777604755248
2024-05-14 13:03:00,1.0171306e-05,1.014579e-05,1.014579e-05,1.017065e-05,1716666107.53,42,17445.636602803992
2024-05-14 13:04:00,1.0184312e-05,1.0163761e-05,1.0173297e-05,1.0183261e-05,1555369390.41,39,15826.587794088637
2024-05-14 13:05:00,1.0204511e-05,1.0174343e-05,1.0180235e-05,1.0204511e-05,2349296823.81,72,23947.50140693938
2024-05-14 13:06:00,1.023231e-05,1.0198457e-05,1.0203228e-05,1.0215846e-05,1897625813.9638326,54,19387.699871567533
2024-05-14 13:07:00,1.0215472e-05,1.0190887e-05,1.0213047e-05,1.0201884e-05,1017768081.82,30,10385.87014814061
2024-05-14 13:08:00,1.0234982e-05,1.0188974e-05,1.0203133e-05,1.0194802e-05,5964756814.25,88,60992.735921813706
2024-05-14 13:09:00,1.0229739e-05,1.0168861e-05,1.019433e-05,1.0220631e-05,1059188249.14,33,10792.933070391484
2024-05-14 13:10:00,1.0222996e-05,1.0200288e-05,1.0222037e-05,1.0222996e-05,479798436.3,23,4898.911930078532
2024-05-14 13:11:00,1.0220289e-05,1.02e-05,1.0219394e-05,1.02e-05,136807375.58,13,1396.999381254221
2024-05-14 13:12:00,1.0203813e-05,1.0194095e-05,1.019635e-05,1.0203813e-05,24102391.43929299,12,245.81318944234576
2024-05-14 13:13:00,1.022809e-05,1.0204814e-05,1.0214042e-05,1.0227983e-05,1613283974.84,40,16477.21171961098
2024-05-14 13:14:00,1.024e-05,1.022583e-05,1.0226815e-05,1.0236367e-05,1795875175.71,46,18381.02143508601
2024-05-14 13:15:00,1.0478345e-05,1.0228023e-05,1.0234761e-05,1.0469426e-05,9532593888.230362,313,98986.81863795957
2024-05-14 13:16:00,1.046014e-05,1.04e-05,1.046014e-05,1.0400641e-05,3138395596.48,119,32711.060243713157
2024-05-14 13:17:00,1.0392855e-05,1.0334781e-05,1.0392855e-05,1.0334781e-05,1609108840.9,57,16673.453201990218
2024-05-14 13:18:00,1.03839e-05,1.0330951e-05,1.0330951e-05,1.0365391e-05,597584946.94,29,6195.2239525611185
2024-05-14 13:19:00,1.0389301e-05,1.0348786e-05,1.03751e-05,1.03865e-05,3099318281.9,45,32141.70763449583
2024-05-14 13:20:00,1.0371496e-05,1.0356441e-05,1.0371496e-05,1.0358316e-05,290107794.42,12,3006.4305615427947
2024-05-14 13:21:00,1.0367364e-05,1.0356951e-05,1.0365136e-05,1.0364e-05,77236232.4,6,800.4486535838844
2024-05-14 13:22:00,1.0372375e-05,1.0340458e-05,1.0372375e-05,1.0340458e-05,100404832.17,11,1040.425940575242
2024-05-14 13:23:00,1.03385e-05,1.03172e-05,1.03385e-05,1.0334112e-05,249430356.8,17,2576.375308077539
2024-05-14 13:24:00,1.0341846e-05,1.03183e-05,1.0341846e-05,1.0331004e-05,1336301324.99,37,13799.635980248637
2024-05-14 13:25:00,1.0330864e-05,1.0309223e-05,1.0329629e-05,1.03165e-05,1569855516.67,43,16203.166493730778
2024-05-14 13:26:00,1.0330332e-05,1.03072e-05,1.0321009e-05,1.03127e-05,2760409966.59,61,28470.767518032084
2024-05-14 13:27:00,1.0362778e-05,1.0308136e-05,1.0309492e-05,1.0352688e-05,1856457979.15,62,19189.9261147125
2024-05-14 13:28:00,1.0360155e-05,1.0336786e-05,1.0355679e-05,1.0359119e-05,676740328.35,24,7006.547374981528
2024-05-14 13:29:00,1.036415e-05,1.0347484e-05,1.036415e-05,1.0357019e-05,1067734204.32,23,11057.731180342882
2024-05-14 13:30:00,1.0362684e-05,1.0324001e-05,1.0358827e-05,1.0354585e-05,1864175554.9802709,48,19284.396343535816
2024-05-14 13:31:00,1.0389381e-05,1.0352236e-05,1.0358178e-05,1.0366965e-05,1834941507.99,45,19029.70771317465
2024-05-14 13:32:00,1.0379985e-05,1.0358174e-05,1.0366524e-05,1.037688e-05,1325229716.9234877,42,13745.399269827254
2024-05-14 13:33:00,1.0374968e-05,1.0342369e-05,1.0374968e-05,1.0343231e-05,1340077427.86,36,13882.693078092489
2024-05-14 13:34:00,1.0345488e-05,1.031185e-05,1.0345187e-05,1.0316533e-05,1651160385.95,40,17049.676170885876
2024-05-14 13:35:00,1.0325058e-05,1.0299905e-05,1.0317425e-05,1.0324002e-05,945118763.13,32,9746.134020304187
2024-05-14 13:36:00,1.0332803e-05,1.0313634e-05,1.0330937e-05,1.0320226e-05,1686905610.98,45,17410.28302405147
2024-05-14 13:37:00,1.0320355e-05,1.0275515e-05,1.0320355e-05,1.0294852e-05,2149635383.909363,62,22136.967647345326
2024-05-14 13:38:00,1.0308052e-05,1.0291496e-05,1.0294259e-05,1.030582e-05,953537068.4592755,30,9822.658186522094
2024-05-14 13:39:00,1.0316882e-05,1.0303158e-05,1.0304828e-05,1.0310326e-05,1672580892.23,41,17246.877181794298
2024-05-14 13:40:00,1.0308485e-05,1.0292097e-05,1.0308485e-05,1.0303339e-05,1792449645.6086912,55,18463.707732055787
2024-05-14 13:41:00,1.0329539e-05,1.0300137e-05,1.0305203e-05,1.0329395e-05,1595993745.41,54,16465.25725877391
2024-05-14 13:42:00,1.0362362e-05,1.0328679e-05,1.0329398e-05,1.0360803e-05,2385264075.54,71,24676.04171870367
2024-05-14 13:43:00,1.0413524e-05,1.0365878e-05,1.0367219e-05,1.0400509e-05,2058711066.100564,68,21385.38677288758
2024-05-14 13:44:00,1.0404666e-05,1.0384513e-05,1.0401661e-05,1.0384513e-05,898913559.94,27,9346.952548406854
2024-05-14 13:45:00,1.0403181e-05,1.0375598e-05,1.0381605e-05,1.0376843e-05,1833431615.95,44,19045.26571201746
2024-05-14 13:46:00,1.0394787e-05,1.036266e-05,1.0385471e-05,1.0369875e-05,2328325964.44,51,24156.030358009153
2024-05-14 13:47:00,1.0370778e-05,1.0349352e-05,1.0367536e-05,1.0370778e-05,1729294919.05,42,17917.031454802043
2024-05-14 13:48:00,1.0373138e-05,1.0361636e-05,1.0367797e-05,1.0366905e-05,2149021804.7693796,54,22278.440740257436
2024-05-14 13:49:00,1.0378491e-05,1.0346997e-05,1.036838e-05,1.0356897e-05,1759251846.5501776,52,18224.51101395432
2024-05-14 13:50:00,1.0357995e-05,1.03361e-05,1.0356952e-05,1.0349956e-05,1905832514.5,44,19717.456545004214
2024-05-14 13:51:00,1.0377614e-05,1.0349646e-05,1.0349646e-05,1.0377338e-05,1915154078.87,59,19855.653921265388
2024-05-14 13:52:00,1.0388939e-05,1.036837e-05,1.0378668e-05,1.0376173e-05,2000399647.52,54,20760.26187357675
2024-05-14 13:53:00,1.037652e-05,1.0353134e-05,1.0373148e-05,1.0360102e-05,1988205931.6599035,53,20610.456399645947
2024-05-14 13:54:00,1.0360171e-05,1.0337247e-05,1.0360171e-05,1.0337542e-05,1775228269.6,50,18375.797144618475
2024-05-14 13:55:00,1.0344266e-05,1.0316597e-05,1.0337955e-05,1.0316597e-05,1185026065.46,45,12242.663297222813
2024-05-14 13:56:00,1.032623e-05,1.0292417e-05,1.0316471e-05,1.0297738e-05,1825480985.03,64,18828.246360024255
2024-05-14 13:57:00,1.0309031e-05,1.0293423e-05,1.0294934e-05,1.029747e-05,2076923899.31,66,21394.57951012231
2024-05-14 13:58:00,1.0326169e-05,1.0298805e-05,1.0298805e-05,1.0321866e-05,1656645679.84,51,17089.15818746448
2024-05-14 13:59:00,1.0321331e-05,1.0296927e-05,1.0321331e-05,1.0308933e-05,2068959113.858038,72,21324.51981309172
2024-05-14 14:00:00,1.0308234e-05,1.028e-05,1.0308234e-05,1.0286592e-05,1608067573.33,55,16546.905936711097
2024-05-14 14:01:00,1.0298673e-05,1.0277101e-05,1.028657e-05,1.0277218e-05,1551284409.99,48,15952.631330232005
2024-05-14 14:02:00,1.02765e-05,1.0198232e-05,1.02765e-05,1.0219612e-05,3126952805.7287874,117,31997.19582306448
2024-05-14 14:03:00,1.02485e-05,1.0215842e-05,1.021887e-05,1.0244248e-05,1338164928.8,59,13695.819653795104
2024-05-14 14:04:00,1.0240996e-05,1.020755e-05,1.0240428e-05,1.0214018e-05,925714820.55,31,9473.683111719276
2024-05-14 14:05:00,1.02648e-05,1.022237e-05,1.022237e-05,1.0255847e-05,30425466.41,21,311.8636651285413
2024-05-14 14:06:00,1.0280999e-05,1.0250468e-05,1.0253769e-05,1.0280999e-05,416738625.62,21,4277.147043655351
2024-05-14 14:07:00,1.02894e-05,1.02474e-05,1.02824e-05,1.02474e-05,535253600.6,32,5495.6270401676575
2024-05-14 14:08:00,1.0239277e-05,1.0214207e-05,1.0239277e-05,1.0216275e-05,180268924.79,19,1842.750450732045
2024-05-14 14:09:00,1.0214207e-05,1.015676e-05,1.0214207e-05,1.0182915e-05,510039338.47,38,5197.28529488774
2024-05-14 14:10:00,1.0180853e-05,1.01e-05,1.0180853e-05,1.01392e-05,5490583541.956625,183,55651.31839759165
2024-05-14 14:11:00,1.01547e-05,1.0052058e-05,1.0143627e-05,1.0073819e-05,2679195372.9100366,113,27023.88437213065
2024-05-14 14:12:00,1.0097223e-05,1.0036287e-05,1.0077464e-05,1.00549e-05,745693711.8483645,45,7500.834498518344
2024-05-14 14:13:00,1.0091377e-05,1.0058113e-05,1.0071628e-05,1.0090871e-05,362879225.1965263,34,3655.6973282336503
2024-05-14 14:14:00,1.0101262e-05,1.0008037e-05,1.007785e-05,1.0019232e-05,2201797406.9,71,22106.614388900754
2024-05-14 14:15:00,1.0104263e-05,1.0020004e-05,1.0028582e-05,1.0097481e-05,2882350451.2617803,74,29058.308617899544
2024-05-14 14:16:00,1.0094887e-05,1.0033151e-05,1.008456e-05,1.00359e-05,502746994.76,33,5058.159207655301
2024-05-14 14:17:00,1.0047037e-05,9.988021e-06,1.0044223e-05,1.001194e-05,1611001097.5952668,55,16142.658626022225
2024-05-14 14:18:00,1.0023051e-05,9.963307e-06,1.0006463e-05,9.992036e-06,1634483959.962814,62,16312.991430710275
2024-05-14 14:19:00,1.0025142e-05,9.989296e-06,1.000599e-05,1.0025142e-05,1064469030.8887984,38,10655.599309801604
2024-05-14 14:20:00,1.0029708e-05,9.990439e-06,1.0018521e-05,9.990439e-06,2236361155.69,45,22387.361376589648
2024-05-14 14:21:00,1.0049625e-05,9.978076e-06,9.978076e-06,1.0049625e-05,477071219.5716839,29,4779.96898738713
2024-05-14 14:22:00,1.0077606e-05,1.0024648e-05,1.0061753e-05,1.00651e-05,1077246190.6703217,31,10832.549336172717
2024-05-14 14:23:00,1.0127906e-05,1.0065208e-05,1.0074976e-05,1.00765e-05,2631624781.88,84,26571.759095769514
2024-05-14 14:24:00,1.0141866e-05,1.0073045e-05,1.00765e-05,1.0136236e-05,654786654.58,25,6628.898511727646
2024-05-14 14:25:00,1.0145152e-05,1.0094576e-05,1.0144184e-05,1.0105095e-05,496862668.38933766,22,5029.125676196924
2024-05-14 14:26:00,1.0143107e-05,1.0090201e-05,1.0090201e-05,1.0100447e-05,332316003.42,21,3360.4340038312657
2024-05-14 14:27:00,1.0115293e-05,1.0065084e-05,1.0115293e-05,1.0076392e-05,200239440.75,12,2019.053679790746
2024-05-14 14:28:00,1.0091233e-05,1.0057901e-05,1.0065084e-05,1.0086909e-05,221603921.5,13,2232.6632910344233
2024-05-14 14:29:00,1.0081206e-05,1.007e-05,1.0074507e-05,1.0073984e-05,958756945.15,14,9658.00975238493
2024-05-14 14:30:00,1.0133646e-05,1.00536e-05,1.0073896e-05,1.0096353e-05,3306872147.75,73,33415.68754394809
2024-05-14 14:31:00,1.0122981e-05,1.0102148e-05,1.0102148e-05,1.0119418e-05,396350703.8881242,16,4009.0596091143157
2024-05-14 14:32:00,1.0117912e-05,1.009639e-05,1.0100137e-05,1.0106212e-05,608437179.55,21,6150.7524959953
2024-05-14 14:33:00,1.0144044e-05,1.009415e-05,1.009415e-05,1.0129276e-05,2179423241.0,54,22072.833130003866
2024-05-14 14:34:00,1.0154984e-05,1.0135414e-05,1.0136634e-05,1.0150442e-05,1092507402.16,18,11082.056880639318
2024-05-14 14:35:00,1.0152734e-05,1.011632e-05,1.0152734e-05,1.0116732e-05,1747683490.38,47,17705.942163762324
2024-05-14 14:36:00,1.0149935e-05,1.0092352e-05,1.0112683e-05,1.0149935e-05,1911856944.82,54,19335.537267829826
2024-05-14 14:37:00,1.0263494e-05,1.0148581e-05,1.0154533e-05,1.0202091e-05,2291674061.34,79,23420.10878257432
2024-05-14 14:38:00,1.0227218e-05,1.0202393e-05,1.0220009e-05,1.0212961e-05,504372486.66,21,5154.379379365082
2024-05-14 14:39:00,1.0209542e-05,1.0178033e-05,1.0209542e-05,1.0178033e-05,589204469.1,15,6004.942830485579
2024-05-14 14:40:00,1.0185095e-05,1.0153728e-05,1.0179223e-05,1.0185095e-05,198842599.70871988,12,2021.323241369572
2024-05-14 14:41:00,1.020426e-05,1.0153006e-05,1.0153006e-05,1.0202828e-05,1766524225.6,41,17993.565392344604
2024-05-14 14:42:00,1.0211329e-05,1.0190334e-05,1.0201857e-05,1.0210668e-05,720594909.33,20,7345.166277959515
2024-05-14 14:43:00,1.0232947e-05,1.0208037e-05,1.021161e-05,1.0227688e-05,1819345918.98,43,18597.251714540173
2024-05-14 14:44:00,1.0275e-05,1.0214301e-05,1.0219518e-05,1.02608e-05,5426212510.77301,118,55579.549192764134
2024-05-14 14:45:00,1.026375e-05,1.0198134e-05,1.0257383e-05,1.019871e-05,2293525111.27,70,23467.227704317604
2024-05-14 14:46:00,1.0217239e-05,1.0207716e-05,1.0208391e-05,1.021723e-05,509605890.21,20,5204.272367710678
2024-05-14 14:47:00,1.0219164e-05,1.0200182e-05,1.021322e-05,1.0206097e-05,1703135391.87,41,17384.636556825964
2024-05-14 14:48:00,1.0210388e-05,1.0167855e-05,1.0201568e-05,1.0184324e-05,2352437489.43,59,23966.95202502
2024-05-14 14:49:00,1.0200866e-05,1.0173794e-05,1.0184248e-05,1.0183916e-05,1645666335.12,50,16769.787223849045
2024-05-14 14:50:00,1.0194472e-05,1.0172775e-05,1.0187128e-05,1.0194472e-05,2292087798.24,57,23334.85592824983
2024-05-14 14:51:00,1.0191632e-05,1.0157078e-05,1.0191632e-05,1.016414e-05,1586104079.1910279,47,16129.581624675708
2024-05-14 14:52:00,1.0196576e-05,1.0160492e-05,1.0163327e-05,1.0190869e-05,2022902701.64,57,20595.437329778102
2024-05-14 14:53:00,1.0223023e-05,1.0182963e-05,1.0186009e-05,1.0221471e-05,1975549961.89,45,20141.761543540197
2024-05-14 14:54:00,1.024344e-05,1.0214158e-05,1.0221667e-05,1.0227205e-05,1428538050.3,39,14619.028723099274
2024-05-14 14:55:00,1.0230407e-05,1.0213175e-05,1.0228803e-05,1.0213175e-05,2028659018.03,42,20739.230308923787
2024-05-14 14:56:00,1.0235e-05,1.0195854e-05,1.0211572e-05,1.0208625e-05,1682555077.72,50,17191.287440416698
2024-05-14 14:57:00,1.0210851e-05,1.0194056e-05,1.0208778e-05,1.020878e-05,2007843719.09,44,20483.4492278706
2024-05-14 14:58:00,1.0210193e-05,1.017496e-05,1.0205682e-05,1.017496e-05,3880000698.31,70,39561.02443401671
2024-05-14 14:59:00,1.0199679e-05,1.0175839e-05,1.0178878e-05,1.0196484e-05,1613460160.74,41,16436.55903270326
2024-05-14 15:00:00,1.0199312e-05,1.018136e-05,1.0191609e-05,1.0199312e-05,2229475950.74,60,22719.696504338353
2024-05-14 15:01:00,1.0255927e-05,1.0202642e-05,1.0202642e-05,1.0248146e-05,4973942773.43,110,50895.79369044773
2024-05-14 15:02:00,1.0245627e-05,1.0224641e-05,1.024474e-05,1.0241959e-05,1873056806.65,56,19174.938992180785
2024-05-14 15:03:00,1.0254964e-05,1.0224718e-05,1.0241369e-05,1.0253808e-05,1547874139.3157055,47,15848.783415069778
2024-05-14 15:04:00,1.0270347e-05,1.0251346e-05,1.0252589e-05,1.0252934e-05,1767551179.2741544,54,18135.631793068067
2024-05-14 15:05:00,1.0264273e-05,1.0237025e-05,1.0253314e-05,1.0246487e-05,1774749640.62,52,18186.720921882676
2024-05-14 15:06:00,1.0281524e-05,1.0247417e-05,1.024759e-05,1.0281524e-05,1678358404.17,50,17228.752175920217
2024-05-14 15:07:00,1.0285714e-05,1.0273454e-05,1.0281981e-05,1.02752e-05,1882256945.62,56,19342.473020457153
2024-05-14 15:08:00,1.0275159e-05,1.0250232e-05,1.0275159e-05,1.0252411e-05,1589931988.56,53,16308.991409185996
2024-05-14 15:09:00,1.0248013e-05,1.0209276e-05,1.0248013e-05,1.02103e-05,1687756105.7,57,17253.287828053868
2024-05-14 15:10:00,1.024523e-05,1.0210251e-05,1.0210251e-05,1.0218867e-05,1268445426.42,45,12976.85850578874
2024-05-14 15:11:00,1.0244142e-05,1.019648e-05,1.0224813e-05,1.0202143e-05,4192799143.0,129,42863.68597569245
2024-05-14 15:12:00,1.0224702e-05,1.0186319e-05,1.0198091e-05,1.019179e-05,2565306428.650453,73,26182.739441829475
2024-05-14 15:13:00,1.020116e-05,1.0174766e-05,1.0194996e-05,1.0174766e-05,1956819439.7930794,57,19945.997645193496
2024-05-14 15:14:00,1.0200324e-05,1.0154412e-05,1.0175612e-05,1.019918e-05,3082701095.01,89,31380.768464025914
2024-05-14 15:15:00,1.0231145e-05,1.0191408e-05,1.020099e-05,1.0231145e-05,1353815280.08,58,13821.078013742865
2024-05-14 15:16:00,1.0241354e-05,1.0210921e-05,1.0233155e-05,1.0213108e-05,1749441033.98,44,17886.84420021162
2024-05-14 15:17:00,1.0233397e-05,1.020341e-05,1.021092e-05,1.0204111e-05,2070831999.49,58,21159.89406577117
2024-05-14 15:18:00,1.0246225e-05,1.0205308e-05,1.0205308e-05,1.0244887e-05,2650200430.49,58,27094.740316248182
2024-05-14 15:19:00,1.026e-05,1.0228283e-05,1.0244641e-05,1.0249177e-05,2266661947.1,58,23217.75014987327
2024-05-14 15:20:00,1.0267417e-05,1.0238576e-05,1.0247176e-05,1.0252377e-05,2576071680.6,74,26412.68366338382
2024-05-14 15:21:00,1.0270702e-05,1.0228478e-05,1.025e-05,1.025923e-05,2155964930.63,58,22109.457597241122
2024-05-14 15:22:00,1.034e-05,1.0238363e-05,1.0256792e-05,1.0335806e-05,1915631688.7900624,84,19717.605043732357
2024-05-14 15:23:00,1.0352372e-05,1.029e-05,1.0335701e-05,1.0339358e-05,1327888228.98,61,13702.904623285867
2024-05-14 15:24:00,1.037185e-05,1.0316688e-05,1.0330416e-05,1.0366284e-05,1359065903.823528,49,14053.691366520274
2024-05-14 15:25:00,1.0442562e-05,1.0360036e-05,1.0367732e-05,1.03642e-05,2242846605.4076996,97,23324.15312050662
2024-05-14 15:26:00,1.0403075e-05,1.0351716e-05,1.0364718e-05,1.0390894e-05,1525838404.2055352,59,15832.239669517336
2024-05-14 15:27:00,1.0424429e-05,1.03477e-05,1.0392998e-05,1.0404388e-05,6286745997.2,80,65129.76296610948
2024-05-14 15:28:00,1.039714e-05,1.0374648e-05,1.039714e-05,1.0374648e-05,523218400.0,18,5434.212788501416
2024-05-14 15:29:00,1.0433496e-05,1.0369364e-05,1.0369364e-05,1.0377468e-05,3075813915.3295717,81,31959.514235155697
2024-05-14 15:30:00,1.0416997e-05,1.0365668e-05,1.0365668e-05,1.0400659e-05,2021755169.4790921,41,21035.59480621008
2024-05-14 15:31:00,1.0398941e-05,1.0321945e-05,1.0395917e-05,1.03866e-05,2010988554.92,71,20857.472577550594
2024-05-14 15:32:00,1.0450721e-05,1.0372989e-05,1.03795e-05,1.0432705e-05,2085100901.71,53,21708.668159898272
2024-05-14 15:33:00,1.0449666e-05,1.0397542e-05,1.0432705e-05,1.0398231e-05,349388990.50401026,10,3637.4859058398492
2024-05-14 15:34:00,1.063e-05,1.04051e-05,1.04051e-05,1.0589367e-05,6428524747.863403,185,67660.06342951827
2024-05-14 15:35:00,1.07e-05,1.056e-05,1.0592654e-05,1.0652133e-05,3149234275.01466,129,33480.49658220865
2024-05-14 15:36:00,1.0651631e-05,1.0574168e-05,1.0640789e-05,1.0574168e-05,2597195507.6952143,67,27540.60641227386
2024-05-14 15:37:00,1.064e-05,1.0543929e-05,1.056e-05,1.064e-05,1162197408.8976758,38,12326.3504435745
2024-05-14 15:38:00,1.0723834e-05,1.0600592e-05,1.0617229e-05,1.0663608e-05,2831785356.47,106,30184.89687378459
2024-05-14 15:39:00,1.0671384e-05,1.06331e-05,1.06491e-05,1.06524e-05,819762137.36,34,8727.626115232988
2024-05-14 15:40:00,1.0671313e-05,1.0592503e-05,1.0637794e-05,1.0664716e-05,1080191514.7302656,45,11502.150578562605
2024-05-14 15:41:00,1.0676988e-05,1.0618636e-05,1.0657242e-05,1.06455e-05,1973041957.96,64,21020.51874090373
2024-05-14 15:42:00,1.0646299e-05,1.0577573e-05,1.0646299e-05,1.0577573e-05,323862671.25,26,3434.4290525319516
2024-05-14 15:43:00,1.06125e-05,1.0566943e-05,1.0574004e-05,1.0586144e-05,541849903.638411,24,5735.689699014116
2024-05-14 15:44:00,1.064e-05,1.0573181e-05,1.0579921e-05,1.062e-05,1084373648.91861,28,11495.880585976152
2024-05-14 15:45:00,1.0624176e-05,1.05843e-05,1.062e-05,1.05914e-05,380817720.91,19,4037.160530432733
2024-05-14 15:46:00,1.0691155e-05,1.0591135e-05,1.05914e-05,1.0663e-05,1089557616.55,44,11597.11329883506
2024-05-14 15:47:00,1.0736842e-05,1.0641269e-05,1.0647323e-05,1.0723421e-05,4884330056.74,162,52243.40251215699
2024-05-14 15:48:00,1.074468e-05,1.0682784e-05,1.0720737e-05,1.0731613e-05,2658244110.1,75,28483.375051683634
2024-05-14 15:49:00,1.0792175e-05,1.07278e-05,1.07278e-05,1.0792175e-05,3507893214.1493406,128,37752.50769802536
2024-05-14 15:50:00,1.07766e-05,1.0704791e-05,1.07766e-05,1.0721629e-05,735957731.6633855,46,7902.795493753914
2024-05-14 15:51:00,1.07818e-05,1.07e-05,1.0702834e-05,1.0749995e-05,4547570201.91,126,48894.93754450587
2024-05-14 15:52:00,1.0804993e-05,1.07406e-05,1.0756399e-05,1.07551e-05,3489086121.9185715,100,37562.46019219845
2024-05-14 15:53:00,1.0766976e-05,1.0750726e-05,1.0765702e-05,1.0765276e-05,183647976.28841755,10,1975.4702469346591
2024-05-14 15:54:00,1.0766462e-05,1.0719999e-05,1.0751453e-05,1.07487e-05,1313832374.33,33,14109.214539235176
2024-05-14 15:55:00,1.0783562e-05,1.0720076e-05,1.074613e-05,1.0783562e-05,4539608814.886101,67,48887.94075965283
2024-05-14 15:56:00,1.0778242e-05,1.076e-05,1.0776922e-05,1.076e-05,840155003.72,29,9049.609277070454
2024-05-14 15:57:00,1.0799737e-05,1.0745677e-05,1.076e-05,1.0799369e-05,2915180133.82,80,31386.009178583095
2024-05-14 15:58:00,1.082e-05,1.0774868e-05,1.0787824e-05,1.079889e-05,6650806836.947622,118,71886.75073873794
2024-05-14 15:59:00,1.0806321e-05,1.0755246e-05,1.0806321e-05,1.0755246e-05,1747600478.8338432,49,18836.711486044656
2024-05-14 16:00:00,1.079838e-05,1.0690257e-05,1.0759043e-05,1.0703051e-05,3617242902.83,92,38947.36310015112
2024-05-14 16:01:00,1.0702821e-05,1.0632599e-05,1.0698589e-05,1.0634453e-05,1018535808.9072565,54,10869.491204760783
2024-05-14 16:02:00,1.0660577e-05,1.0634206e-05,1.0634206e-05,1.0654336e-05,896070517.45,28,9543.186030634772
2024-05-14 16:03:00,1.0739335e-05,1.0648345e-05,1.0648345e-05,1.0681819e-05,3667901166.22,84,39255.85495816353
2024-05-14 16:04:00,1.06926e-05,1.067e-05,1.0678137e-05,1.0687968e-05,338575440.01666075,20,3616.1740940863588
2024-05-14 16:05:00,1.0739043e-05,1.0686365e-05,1.0692127e-05,1.07307e-05,1637857488.33,50,17544.73667548169
2024-05-14 16:06:00,1.074142e-05,1.0700271e-05,1.0729117e-05,1.0736856e-05,2558338368.5734572,78,27433.528664542795
2024-05-14 16:07:00,1.0795032e-05,1.071e-05,1.0732427e-05,1.0782178e-05,2428351322.21,55,26149.258612155703
2024-05-14 16:08:00,1.09489e-05,1.0780302e-05,1.0785478e-05,1.0904968e-05,3267634516.030634,164,35534.19527799106
2024-05-14 16:09:00,1.0938796e-05,1.0891178e-05,1.0908845e-05,1.0918219e-05,1288405621.8126776,75,14059.188357771443
2024-05-14 16:10:00,1.090961e-05,1.0849658e-05,1.090961e-05,1.0871457e-05,626333428.7626699,51,6818.5383859595095
2024-05-14 16:11:00,1.1e-05,1.0882836e-05,1.0885093e-05,1.0991922e-05,3592365424.226494,139,39338.584092680714
2024-05-14 16:12:00,1.1048075e-05,1.0935191e-05,1.09439e-05,1.0995895e-05,2429508283.2964,92,26716.92730475281
2024-05-14 16:13:00,1.1007486e-05,1.0959312e-05,1.0989315e-05,1.1007486e-05,1272985136.584334,56,13979.91789548092
2024-05-14 16:14:00,1.0986611e-05,1.0896375e-05,1.0986611e-05,1.0926445e-05,1707939643.7145677,64,18676.832596140484
2024-05-14 16:15:00,1.09528e-05,1.0917186e-05,1.0926352e-05,1.0947354e-05,422620713.68,38,4619.536712130995
2024-05-14 16:16:00,1.0949585e-05,1.0865951e-05,1.0943e-05,1.0892992e-05,469577798.04275227,45,5115.600650319621
2024-05-14 16:17:00,1.0899456e-05,1.0828219e-05,1.0881136e-05,1.0898039e-05,1125170969.9552538,44,12221.230169294595
2024-05-14 16:18:00,1.0907083e-05,1.0873799e-05,1.0907083e-05,1.0873799e-05,909990464.3096968,17,9910.338943704497
2024-05-14 16:19:00,1.0974167e-05,1.0847106e-05,1.0865897e-05,1.0946054e-05,3160978087.48,81,34459.10441843277
2024-05-14 16:20:00,1.097e-05,1.0917601e-05,1.0919612e-05,1.09541e-05,722476998.85,33,7902.839325347415
2024-05-14 16:21:00,1.09481e-05,1.0888889e-05,1.09481e-05,1.0894438e-05,450921375.97248167,32,4921.0689454229705
2024-05-14 16:22:00,1.0938277e-05,1.0862754e-05,1.0888888e-05,1.09325e-05,3645196400.7896037,54,39627.754328822324
2024-05-14 16:23:00,1.1018014e-05,1.09325e-05,1.09325e-05,1.1e-05,1844390612.7334535,86,20260.68925607778
2024-05-14 16:24:00,1.098413e-05,1.094e-05,1.098413e-05,1.095408e-05,823973320.93,36,9029.633383410906
2024-05-14 16:25:00,1.102979e-05,1.0938277e-05,1.095056e-05,1.0977049e-05,4591531777.271005,64,50571.856083911785
2024-05-14 16:26:00,1.1007217e-05,1.0951549e-05,1.0975349e-05,1.1005015e-05,266859988.84921646,20,2931.299332708653
2024-05-14 16:27:00,1.1062352e-05,1.098364e-05,1.0993539e-05,1.104282e-05,1382044530.5539548,70,15227.696241014917
2024-05-14 16:28:00,1.1044449e-05,1.0971571e-05,1.103253e-05,1.0971571e-05,359827024.7504647,27,3955.65161243894
2024-05-14 16:29:00,1.09624e-05,1.0924146e-05,1.09624e-05,1.0942832e-05,937639245.0,40,10253.36664378159
2024-05-14 16:30:00,1.0959202e-05,1.0901501e-05,1.09467e-05,1.0901501e-05,1707132978.419832,53,18661.896383962317
2024-05-14 16:31:00,1.0901501e-05,1.0812055e-05,1.0901501e-05,1.0863358e-05,2943489532.5581303,94,31970.29365372564
2024-05-14 16:32:00,1.0874713e-05,1.0828264e-05,1.086278e-05,1.08367e-05,869868920.9,27,9432.429549985556
2024-05-14 16:33:00,1.08525e-05,1.0823155e-05,1.0833947e-05,1.0849066e-05,1030084918.8898494,30,11164.276996110711
2024-05-14 16:34:00,1.0876356e-05,1.0763787e-05,1.0851317e-05,1.0768704e-05,6105913541.51,106,66198.30821124071
2024-05-14 16:35:00,1.0792626e-05,1.0704449e-05,1.0771924e-05,1.0792626e-05,1482008258.179234,94,15916.392217984996
2024-05-14 16:36:00,1.0779159e-05,1.075e-05,1.077368e-05,1.0758714e-05,1335291343.6,39,14369.928653736391
2024-05-14 16:37:00,1.07712e-05,1.0605882e-05,1.0768984e-05,1.0618649e-05,2769319775.5083013,108,29661.645363038297
2024-05-14 16:38:00,1.0688623e-05,1.062957e-05,1.062957e-05,1.0671768e-05,1047293135.45,52,11170.015389982773
2024-05-14 16:39:00,1.0712115e-05,1.066756e-05,1.0667807e-05,1.0686873e-05,768979277.49,28,8219.825851932079
2024-05-14 16:40:00,1.0689367e-05,1.06486e-05,1.0680709e-05,1.0663148e-05,446321832.42,24,4759.290261589554
2024-05-14 16:41:00,1.0737273e-05,1.0649627e-05,1.0673045e-05,1.072912e-05,2003339178.29,66,21411.63255927768
2024-05-14 16:42:00,1.0748373e-05,1.07061e-05,1.0718507e-05,1.0711411e-05,1718703668.75,43,18450.638566077272
2024-05-14 16:43:00,1.0724628e-05,1.070839e-05,1.0709269e-05,1.072127e-05,1506147149.0555153,35,16140.959453342899
2024-05-14 16:44:00,1.0733793e-05,1.0681588e-05,1.0711841e-05,1.0681588e-05,1735530247.38,54,18600.203478648793
2024-05-14 16:45:00,1.0680463e-05,1.0559701e-05,1.06775e-05,1.0615432e-05,2567123375.227875,92,27275.676479993133
2024-05-14 16:46:00,1.06895e-05,1.061396e-05,1.061396e-05,1.06895e-05,1269175343.52,54,13537.493923349919
2024-05-14 16:47:00,1.0712647e-05,1.06834e-05,1.0689578e-05,1.06964e-05,517038191.12986195,18,5533.4370146749625
2024-05-14 16:48:00,1.0726984e-05,1.0681308e-05,1.0700837e-05,1.0692417e-05,2415914463.78,71,25847.22927019432
2024-05-14 16:49:00,1.07133e-05,1.0673229e-05,1.0693236e-05,1.0703483e-05,1940022020.7877538,53,20740.222322580572
2024-05-14 16:50:00,1.0704573e-05,1.0681635e-05,1.0703322e-05,1.0703617e-05,1856415789.0,53,19859.804721351527
2024-05-14 16:51:00,1.0743555e-05,1.0699693e-05,1.0700811e-05,1.0735701e-05,1653332554.74,55,17731.524882138277
2024-05-14 16:52:00,1.0761777e-05,1.071929e-05,1.0730028e-05,1.071929e-05,2041611638.88,61,21937.412829107398
2024-05-14 16:53:00,1.0747265e-05,1.0724745e-05,1.0724745e-05,1.0733702e-05,1536419305.5684028,52,16498.187538799455
2024-05-14 16:54:00,1.0775309e-05,1.0732184e-05,1.0732184e-05,1.0760625e-05,1427373302.02,51,15358.631353441
2024-05-14 16:55:00,1.07917e-05,1.0736583e-05,1.0769641e-05,1.0759616e-05,1626701522.8567407,58,17506.736084154214
2024-05-14 16:56:00,1.0771565e-05,1.0732733e-05,1.0757068e-05,1.0736993e-05,2003120747.35,65,21538.25236436947
2024-05-14 16:57:00,1.0741421e-05,1.0679189e-05,1.0737102e-05,1.0709e-05,2601484920.85,80,27856.929428738775
2024-05-14 16:58:00,1.0714565e-05,1.0685746e-05,1.0714565e-05,1.0685811e-05,1497711976.99,40,16029.417596903935
2024-05-14 16:59:00,1.0688687e-05,1.0611082e-05,1.0688687e-05,1.0614406e-05,2306373989.54,81,24554.438791515182
2024-05-14 17:00:00,1.0644583e-05,1.0577961e-05,1.0612162e-05,1.0636279e-05,2656750308.289857,91,28213.36634052774
2024-05-14 17:01:00,1.07e-05,1.0628103e-05,1.0628103e-05,1.07e-05,2018712526.87,61,21543.048838370996
2024-05-14 17:02:00,1.07e-05,1.0671839e-05,1.07e-05,1.0687413e-05,1551205642.19,42,16577.871684728278
2024-05-14 17:03:00,1.0752777e-05,1.0678105e-05,1.0678105e-05,1.0752777e-05,2227440534.952834,63,23874.04755236205
2024-05-14 17:04:00,1.0754618e-05,1.0730834e-05,1.0749788e-05,1.0736892e-05,1688320650.5,49,18137.307398364184
2024-05-14 17:05:00,1.076391e-05,1.07175e-05,1.0738277e-05,1.0751621e-05,1976024621.03,78,21224.40485407554
2024-05-14 17:06:00,1.0761746e-05,1.0735446e-05,1.0752386e-05,1.0754538e-05,1480088971.82,43,15915.374337700483
2024-05-14 17:07:00,1.0785162e-05,1.074887e-05,1.0754477e-05,1.0772432e-05,1573916898.55,66,16948.093514383516
2024-05-14 17:08:00,1.0770255e-05,1.0752058e-05,1.0770255e-05,1.0753297e-05,1305616160.18,47,14046.82895058978
2024-05-14 17:09:00,1.0759048e-05,1.0738478e-05,1.0752876e-05,1.0743407e-05,1078020476.54,44,11587.512244794108
2024-05-14 17:10:00,1.0768416e-05,1.0743328e-05,1.0744873e-05,1.0753105e-05,1232411213.49,53,13258.12283346216
2024-05-14 17:11:00,1.0776112e-05,1.0752863e-05,1.0753062e-05,1.0755416e-05,775714754.42,38,8349.604626298666
2024-05-14 17:12:00,1.088e-05,1.0732583e-05,1.0754768e-05,1.0851734e-05,4688211083.65,181,50665.65188099127
2024-05-14 17:13:00,1.088e-05,1.0804294e-05,1.0845696e-05,1.0804844e-05,1477065626.56,51,16012.065439215401
2024-05-14 17:14:00,1.0829e-05,1.0801605e-05,1.0808796e-05,1.0826673e-05,560001134.65,22,6055.569626274395
2024-05-14 17:15:00,1.0840916e-05,1.0815381e-05,1.0827918e-05,1.0825235e-05,1688842091.0883055,46,18288.508273012132
2024-05-14 17:16:00,1.0829728e-05,1.0799107e-05,1.0819449e-05,1.0799107e-05,1450049888.7262099,45,15690.700940291223
2024-05-14 17:17:00,1.0806234e-05,1.077815e-05,1.0796982e-05,1.0793697e-05,2037314445.43,59,21984.084152436186
2024-05-14 17:18:00,1.080619e-05,1.0790077e-05,1.0792291e-05,1.080619e-05,3607434096.85,92,38953.93499008579
2024-05-14 17:19:00,1.082e-05,1.0791853e-05,1.080153e-05,1.082e-05,1183843683.38,49,12789.528178157685
2024-05-14 17:20:00,1.0820009e-05,1.0780225e-05,1.082e-05,1.07807e-05,1475328573.15,51,15939.15178167857
2024-05-14 17:21:00,1.0779055e-05,1.0741471e-05,1.0778326e-05,1.0755821e-05,1717495510.15,68,18479.057944089207
2024-05-14 17:22:00,1.0768918e-05,1.0739814e-05,1.0757678e-05,1.0748297e-05,2262344880.26,58,24341.253728203323
2024-05-14 17:23:00,1.0766326e-05,1.0745182e-05,1.0748283e-05,1.0751094e-05,1662954791.4,54,17882.146956952834
2024-05-14 17:24:00,1.0777342e-05,1.0749753e-05,1.0750545e-05,1.0775283e-05,1370493657.28,49,14746.378344992494
2024-05-14 17:25:00,1.0775397e-05,1.0708769e-05,1.0775397e-05,1.0723849e-05,1292084711.59,63,13891.007053025025
2024-05-14 17:26:00,1.0753082e-05,1.0721935e-05,1.0721935e-05,1.0739156e-05,1610629035.13,50,17302.50673005804
2024-05-14 17:27:00,1.0765605e-05,1.0744357e-05,1.0744357e-05,1.0745623e-05,1306718422.81,41,14051.591818364604
2024-05-14 17:28:00,1.0745825e-05,1.0706394e-05,1.0745825e-05,1.07238e-05,2030888642.05,64,21774.31260130744
2024-05-14 17:29:00,1.0749772e-05,1.0725224e-05,1.0726766e-05,1.0743157e-05,1135524604.23,39,12192.856361853615
2024-05-14 17:30:00,1.0747645e-05,1.0722937e-05,1.0744418e-05,1.0738495e-05,1035635837.57,42,11118.313850429091
2024-05-14 17:31:00,1.072814e-05,1.0691005e-05,1.0728024e-05,1.0695424e-05,1338530011.0927312,52,14332.49753742631
2024-05-14 17:32:00,1.0697349e-05,1.0673116e-05,1.0689592e-05,1.0676443e-05,1604569774.39,64,17143.325876459792
2024-05-14 17:33:00,1.068637e-05,1.0668171e-05,1.0674803e-05,1.0668171e-05,1940373497.9,78,20719.713132922894
2024-05-14 17:34:00,1.0665745e-05,1.064e-05,1.0665745e-05,1.0641012e-05,1289419716.1,54,13736.19443953309
2024-05-14 17:35:00,1.0704079e-05,1.0638448e-05,1.0638448e-05,1.0697827e-05,1374421541.27,63,14680.303002570296
2024-05-14 17:36:00,1.0734151e-05,1.0699098e-05,1.069934e-05,1.0727446e-05,1765970031.75,52,18928.870767391916
2024-05-14 17:37:00,1.0742712e-05,1.0713933e-05,1.07278e-05,1.0718075e-05,1499126165.5316384,56,16079.721295825228
2024-05-14 17:38:00,1.0733516e-05,1.0708702e-05,1.0719011e-05,1.0725863e-05,1343772172.92,44,14406.19477343405
2024-05-14 17:39:00,1.073029e-05,1.0708485e-05,1.0724441e-05,1.0708485e-05,4251215604.79,96,45572.805080364655
2024-05-14 17:40:00,1.0708956e-05,1.0669777e-05,1.0708278e-05,1.0685736e-05,1415094213.36,57,15122.601371266344
2024-05-14 17:41:00,1.0708269e-05,1.0684132e-05,1.0684132e-05,1.0686749e-05,1290203351.42,41,13796.455000516808
2024-05-14 17:42:00,1.0698825e-05,1.0676263e-05,1.0686602e-05,1.0698825e-05,1548577822.49,54,16545.22799896115
2024-05-14 17:43:00,1.0728101e-05,1.0702103e-05,1.0702103e-05,1.0723337e-05,1208302240.4,51,12951.682022991059
2024-05-14 17:44:00,1.0726776e-05,1.0672243e-05,1.0723125e-05,1.067235e-05,1563627784.62,58,16721.210202745944
2024-05-14 17:45:00,1.0674953e-05,1.0624455e-05,1.0671246e-05,1.0640701e-05,2113244184.5284948,78,22500.055304413763
2024-05-14 17:46:00,1.0688615e-05,1.064415e-05,1.064415e-05,1.0688615e-05,1850574693.2,56,19759.34440002009
2024-05-14 17:47:00,1.0713976e-05,1.0684221e-05,1.0684221e-05,1.0711423e-05,2288996316.99,50,24498.15244361854
2024-05-14 17:48:00,1.0714496e-05,1.0681524e-05,1.0714496e-05,1.0684146e-05,1794123908.0,43,19188.194904514912
2024-05-14 17:49:00,1.0709404e-05,1.0676912e-05,1.0676912e-05,1.0699051e-05,1586039789.87,48,16964.873769046335
2024-05-14 17:50:00,1.0710267e-05,1.0661601e-05,1.0698496e-05,1.0667772e-05,1635002971.36,44,17468.36710588288
2024-05-14 17:51:00,1.0681793e-05,1.0644964e-05,1.066969e-05,1.065e-05,1262637434.93,44,13465.171191235735
2024-05-14 17:52:00,1.0659783e-05,1.0629954e-05,1.0643277e-05,1.0637241e-05,1367030142.87,40,14549.550465846725
2024-05-14 17:53:00,1.0660144e-05,1.059836e-05,1.0636212e-05,1.0656608e-05,1907839894.73,87,20277.41750838983
2024-05-14 17:54:00,1.0661843e-05,1.0625489e-05,1.0661646e-05,1.0625571e-05,1276161557.12,31,13579.829226197862
2024-05-14 17:55:00,1.0632003e-05,1.0527032e-05,1.062699e-05,1.0549741e-05,2883499440.832366,121,30495.816047049575
2024-05-14 17:56:00,1.05556e-05,1.052e-05,1.0548898e-05,1.0522976e-05,1016909950.5574955,56,10716.618413302322
2024-05-14 17:57:00,1.058e-05,1.0538929e-05,1.0538929e-05,1.0570592e-05,473780425.2221834,21,5005.96510474093
2024-05-14 17:58:00,1.0586734e-05,1.0554886e-05,1.0565915e-05,1.058e-05,936163725.8590637,28,9902.16507356622
2024-05-14 17:59:00,1.0587942e-05,1.0547147e-05,1.0580439e-05,1.0566127e-05,1330723413.0826306,40,14064.282604960878
2024-05-14 18:00:00,1.05769e-05,1.0531647e-05,1.0557711e-05,1.0531647e-05,2026781025.11,42,21420.531785602223
2024-05-14 18:01:00,1.0563019e-05,1.052928e-05,1.0535577e-05,1.0560566e-05,1537138228.0899363,41,16216.47181674415
2024-05-14 18:02:00,1.0614797e-05,1.0568799e-05,1.0568799e-05,1.0601356e-05,1977054589.0250509,70,20938.796808461637
2024-05-14 18:03:00,1.0608334e-05,1.0585686e-05,1.0598068e-05,1.060135e-05,1482016564.6979692,44,15706.313034893465
2024-05-14 18:04:00,1.0604554e-05,1.05675e-05,1.0601639e-05,1.0579111e-05,2092815666.39,63,22145.763240722576
2024-05-14 18:05:00,1.0592462e-05,1.0546351e-05,1.0579579e-05,1.0551376e-05,1886566483.78,50,19934.143772915053
2024-05-14 18:06:00,1.0610999e-05,1.0549678e-05,1.05562e-05,1.0574252e-05,1822404077.937157,62,19283.312433313542
2024-05-14 18:07:00,1.0608719e-05,1.0570904e-05,1.0574233e-05,1.0608719e-05,640303902.3188009,41,6781.235322003627
2024-05-14 18:08:00,1.0613008e-05,1.0578817e-05,1.0613008e-05,1.0593214e-05,1095877682.11,37,11617.657314986585
2024-05-14 18:09:00,1.0592703e-05,1.0562355e-05,1.0590859e-05,1.05752e-05,1000942964.74,32,10592.022194420022
2024-05-14 18:10:00,1.0561088e-05,1.0527249e-05,1.0560902e-05,1.0531167e-05,1340438882.5097475,45,14138.032326114422
2024-05-14 18:11:00,1.0546753e-05,1.0526723e-05,1.0528415e-05,1.0529737e-05,2762484892.73778,64,29105.068909100784
2024-05-14 18:12:00,1.0534899e-05,1.0426134e-05,1.0531774e-05,1.0440646e-05,2922708836.525247,122,30586.219466594408
2024-05-14 18:13:00,1.0497896e-05,1.0437794e-05,1.0437794e-05,1.0496746e-05,355424644.7733596,35,3719.864762909567
2024-05-14 18:14:00,1.04916e-05,1.0478424e-05,1.0479509e-05,1.0478424e-05,708865287.61,16,7429.927255933725
2024-05-14 18:15:00,1.0458388e-05,1.03959e-05,1.0457563e-05,1.04e-05,1855873765.59,68,19325.01196557436
2024-05-14 18:16:00,1.0426499e-05,1.0346767e-05,1.041039e-05,1.0356314e-05,603788534.3647747,42,6270.598843118028
2024-05-14 18:17:00,1.0360743e-05,1.0331156e-05,1.0348048e-05,1.0341313e-05,1470907467.3098288,47,15227.127259599225
2024-05-14 18:18:00,1.0376e-05,1.0330433e-05,1.0346488e-05,1.03613e-05,1123776154.19,34,11635.991240188649
2024-05-14 18:19:00,1.03792e-05,1.0350046e-05,1.03568e-05,1.0350046e-05,173146524.31817228,15,1793.925229083229
2024-05-14 18:20:00,1.038579e-05,1.0336034e-05,1.0350046e-05,1.0365268e-05,1443416537.4159157,47,14948.572807541304
2024-05-14 18:21:00,1.0358351e-05,1.03502e-05,1.0355689e-05,1.03502e-05,222416608.64,12,2303.200187761039
2024-05-14 18:22:00,1.0363969e-05,1.03444e-05,1.0351715e-05,1.0360579e-05,1503288129.23,47,15567.654601283117
2024-05-14 18:23:00,1.0425146e-05,1.0355061e-05,1.0360814e-05,1.0411632e-05,1704948324.99,49,17710.37437943192
2024-05-14 18:24:00,1.0471117e-05,1.0407949e-05,1.0410426e-05,1.0451981e-05,1680900631.01,61,17552.723259930393
2024-05-14 18:25:00,1.0450928e-05,1.0299497e-05,1.0450928e-05,1.0341954e-05,3112778173.4567084,157,32300.86102657231
2024-05-14 18:26:00,1.036345e-05,1.034e-05,1.0344337e-05,1.034e-05,386261567.74,23,3999.2011772874343
2024-05-14 18:27:00,1.036e-05,1.0314776e-05,1.03382e-05,1.036e-05,164633735.44,21,1700.8163107681692
2024-05-14 18:28:00,1.04e-05,1.0369038e-05,1.0369038e-05,1.04e-05,490018767.14,30,5087.7121336368255
2024-05-14 18:29:00,1.03979e-05,1.037642e-05,1.0393341e-05,1.03776e-05,931017691.2421259,11,9668.709578922648
2024-05-14 18:30:00,1.0427315e-05,1.0392919e-05,1.0392919e-05,1.0425437e-05,821546096.0890492,29,8546.704105112916
2024-05-14 18:31:00,1.04427e-05,1.0404059e-05,1.042723e-05,1.0404792e-05,2553156653.54,57,26620.644358573336
2024-05-14 18:32:00,1.0436097e-05,1.040052e-05,1.0405307e-05,1.0426943e-05,547622021.12,18,5706.233871580738
2024-05-14 18:33:00,1.046024e-05,1.0422671e-05,1.0433026e-05,1.0455451e-05,1355756844.67,37,14156.53330470831
2024-05-14 18:34:00,1.0474012e-05,1.0430598e-05,1.0454736e-05,1.0438657e-05,1685286196.31,54,17601.804860419685
2024-05-14 18:35:00,1.0430418e-05,1.0398e-05,1.0430418e-05,1.0398e-05,1176880125.13,32,12254.912155945261
2024-05-14 18:36:00,1.0434434e-05,1.0382507e-05,1.0398e-05,1.0426021e-05,1408716048.84,45,14671.615109932844
2024-05-14 18:37:00,1.0418186e-05,1.0411365e-05,1.0412987e-05,1.0415853e-05,283276935.3,7,2950.5616773770253
2024-05-14 18:38:00,1.0437349e-05,1.0412006e-05,1.0427479e-05,1.0428365e-05,1649895801.09,38,17193.758825234832
2024-05-14 18:39:00,1.0430461e-05,1.0412469e-05,1.0430461e-05,1.0412526e-05,1403250576.07,37,14619.36259010213
2024-05-14 18:40:00,1.0425114e-05,1.0409119e-05,1.0412341e-05,1.0413546e-05,1135054694.6671672,40,11820.74840475025
2024-05-14 18:41:00,1.0413438e-05,1.0372123e-05,1.0413438e-05,1.0374036e-05,1942727911.81,69,20175.3578057044
2024-05-14 18:42:00,1.0375962e-05,1.0348965e-05,1.0375962e-05,1.0353866e-05,1322555019.41,46,13702.378792933596
2024-05-14 18:43:00,1.0364478e-05,1.0332675e-05,1.0354959e-05,1.0343907e-05,1446579413.94,44,14969.096634178339
2024-05-14 18:44:00,1.0348176e-05,1.0333032e-05,1.0342127e-05,1.0336303e-05,1610785685.58,42,16654.97103791601
2024-05-14 18:45:00,1.0338953e-05,1.0311458e-05,1.0337418e-05,1.0335732e-05,1571672532.41,58,16229.958726420324
2024-05-14 18:46:00,1.0376084e-05,1.0338324e-05,1.0338582e-05,1.0376084e-05,1823536444.13,66,18894.504085169385
2024-05-14 18:47:00,1.0374283e-05,1.0343221e-05,1.0374283e-05,1.0358572e-05,1693314737.77,49,17543.522217455287
2024-05-14 18:48:00,1.0375206e-05,1.0357063e-05,1.0358301e-05,1.0366455e-05,1534145210.16,42,15904.788633937433
2024-05-14 18:49:00,1.0379334e-05,1.0361488e-05,1.0366529e-05,1.0379334e-05,1890807698.05,59,19604.458993334858
2024-05-14 18:50:00,1.0389458e-05,1.0357816e-05,1.0382749e-05,1.0364683e-05,1112356413.82,45,11542.103596375387
2024-05-14 18:51:00,1.0415496e-05,1.0359231e-05,1.0359266e-05,1.0413763e-05,1555193400.727554,49,16146.88364337843
2024-05-14 18:52:00,1.041811e-05,1.0398373e-05,1.0411938e-05,1.0400191e-05,1138413404.02,30,11845.65251542964
2024-05-14 18:53:00,1.041186e-05,1.0395821e-05,1.0403164e-05,1.0405033e-05,1373296963.31,34,14287.020080889593
2024-05-14 18:54:00,1.0407523e-05,1.0389513e-05,1.040296e-05,1.0407398e-05,1404935512.31,39,14611.639922146567
2024-05-14 18:55:00,1.0449162e-05,1.0403578e-05,1.0405289e-05,1.0440255e-05,1736904285.85,51,18118.94892085205
2024-05-14 18:56:00,1.0469514e-05,1.043882e-05,1.0442226e-05,1.0466245e-05,1615328674.85,48,16883.42427699219
2024-05-14 18:57:00,1.0473284e-05,1.0453746e-05,1.0465814e-05,1.0463381e-05,1342578505.06,39,14047.936312452315
2024-05-14 18:58:00,1.0463863e-05,1.0427601e-05,1.0462473e-05,1.0442325e-05,1537412763.6,49,16053.686624430125
2024-05-14 18:59:00,1.044032e-05,1.043249e-05,1.043754e-05,1.0436744e-05,1473761877.6,36,15380.50945746717
2024-05-14 19:00:00,1.0439378e-05,1.0412582e-05,1.0439378e-05,1.0420032e-05,1247952074.92,44,13006.555205175993
2024-05-14 19:01:00,1.0454188e-05,1.0421549e-05,1.042195e-05,1.0454188e-05,1468949259.82,49,15327.7275474816
2024-05-14 19:02:00,1.0475705e-05,1.0452218e-05,1.0452218e-05,1.0463187e-05,1998980341.5602133,57,20921.96643357806
2024-05-14 19:03:00,1.0473341e-05,1.0450691e-05,1.0462396e-05,1.0471001e-05,1498713221.9,46,15680.16609253895
2024-05-14 19:04:00,1.0488084e-05,1.0471837e-05,1.0471837e-05,1.048772e-05,1586049700.16,46,16624.838113676793
2024-05-14 19:05:00,1.056592e-05,1.0486171e-05,1.0487967e-05,1.0526835e-05,3374345138.63,90,35564.017227319484
2024-05-14 19:06:00,1.0550892e-05,1.0515818e-05,1.0523417e-05,1.052112e-05,1382486258.63,46,14552.749319895382
2024-05-14 19:07:00,1.052046e-05,1.0493411e-05,1.052046e-05,1.0505579e-05,923341163.2,31,9703.600384170344
2024-05-14 19:08:00,1.052e-05,1.0491764e-05,1.0509035e-05,1.0514668e-05,1338258725.67,36,14059.184281090715
2024-05-14 19:09:00,1.0512511e-05,1.0484857e-05,1.0512511e-05,1.0500235e-05,1730571423.81,49,18166.41600411493
2024-05-14 19:10:00,1.0509625e-05,1.0468709e-05,1.0499378e-05,1.0481301e-05,1732642512.3897927,51,18167.255328419902
2024-05-14 19:11:00,1.0494389e-05,1.0477898e-05,1.0485804e-05,1.0490915e-05,1448586425.5,34,15188.768501283768
2024-05-14 19:12:00,1.0507574e-05,1.049003e-05,1.0494044e-05,1.0503655e-05,1052447364.67,31,11050.360401592936
2024-05-14 19:13:00,1.0524432e-05,1.0505579e-05,1.0505721e-05,1.0520224e-05,1457073327.72,45,15320.297982097449
2024-05-14 19:14:00,1.0536094e-05,1.0514691e-05,1.0523923e-05,1.0514691e-05,1714729489.52,51,18048.970577364653
2024-05-14 19:15:00,1.0557843e-05,1.0514807e-05,1.0514807e-05,1.0557843e-05,1813162460.51,54,19111.922736823974
2024-05-14 19:16:00,1.0555209e-05,1.0526433e-05,1.0554226e-05,1.0532252e-05,2165873537.72,55,22822.677426655515
2024-05-14 19:17:00,1.0575657e-05,1.0534753e-05,1.0534753e-05,1.0545382e-05,1999081717.84,63,21096.889537236457
2024-05-14 19:18:00,1.0547046e-05,1.0519874e-05,1.0545575e-05,1.0527352e-05,2188831459.74,47,23045.335036167835
2024-05-14 19:19:00,1.0546042e-05,1.0523979e-05,1.0527137e-05,1.0546042e-05,1460738489.3,36,15394.322922701458
2024-05-14 19:20:00,1.055e-05,1.0532455e-05,1.0548808e-05,1.0548639e-05,1208359330.85,40,12740.537750834286
2024-05-14 19:21:00,1.0590622e-05,1.055e-05,1.055e-05,1.0581931e-05,2021887120.47,60,21386.212545228813
2024-05-14 19:22:00,1.0623882e-05,1.0580435e-05,1.0584053e-05,1.0623882e-05,2712613793.86,65,28730.220012663234
2024-05-14 19:23:00,1.0633682e-05,1.0603331e-05,1.0633502e-05,1.0611008e-05,2083188166.8660302,43,22120.03934740214
2024-05-14 19:24:00,1.0638415e-05,1.0602825e-05,1.0609989e-05,1.0636122e-05,1987630914.09,54,21087.778167286335
2024-05-14 19:25:00,1.0636118e-05,1.0615014e-05,1.0633004e-05,1.061817e-05,1191309162.67,29,12655.280526459035
2024-05-14 19:26:00,1.0633318e-05,1.0618808e-05,1.0618808e-05,1.0624331e-05,1335102595.59,40,14188.61099015308
2024-05-14 19:27:00,1.0677101e-05,1.0611982e-05,1.06268e-05,1.0677101e-05,2676897874.4948626,79,28479.407142328484
2024-05-14 19:28:00,1.0716935e-05,1.0680692e-05,1.0684495e-05,1.0698129e-05,1964114188.0089064,58,21018.9579411321
2024-05-14 19:29:00,1.0707266e-05,1.0692138e-05,1.0706283e-05,1.0692548e-05,1259382527.6317005,30,13477.370694914376
2024-05-14 19:30:00,1.0697928e-05,1.0645776e-05,1.0695355e-05,1.0645776e-05,2621104063.03,76,27957.284270424723
2024-05-14 19:31:00,1.0705059e-05,1.0643676e-05,1.064658e-05,1.0705059e-05,1481951631.16,53,15818.107912605032
2024-05-14 19:32:00,1.078e-05,1.0710792e-05,1.0710792e-05,1.0737128e-05,1017651390.146764,66,10946.32232700314
2024-05-14 19:33:00,1.08039e-05,1.0749736e-05,1.0749736e-05,1.077e-05,2448139690.94,47,26379.50170215371
2024-05-14 19:34:00,1.077e-05,1.0734728e-05,1.077e-05,1.0746642e-05,559752383.6286265,25,6015.078608408782
2024-05-14 19:35:00,1.07522e-05,1.0719999e-05,1.0738631e-05,1.0719999e-05,124831225.36312345,14,1339.8111847514465
2024-05-14 19:36:00,1.0719999e-05,1.069239e-05,1.0719999e-05,1.0709422e-05,399432264.90652984,16,4273.764621335802
2024-05-14 19:37:00,1.069701e-05,1.0654193e-05,1.069701e-05,1.0654193e-05,1269723658.8150277,45,13554.216354374823
2024-05-14 19:38:00,1.0696046e-05,1.0664333e-05,1.0666232e-05,1.0675124e-05,1153186296.43,40,12315.325624421257
2024-05-14 19:39:00,1.069161e-05,1.0672839e-05,1.0673111e-05,1.0678534e-05,1298889489.81,31,13875.83390608342
2024-05-14 19:40:00,1.0684144e-05,1.0657793e-05,1.0678685e-05,1.067605e-05,1621914853.41,43,17305.645746451624
2024-05-14 19:41:00,1.0690302e-05,1.0656737e-05,1.0684088e-05,1.0658274e-05,1599772069.8252487,43,17083.396028549374
2024-05-14 19:42:00,1.0686351e-05,1.0641064e-05,1.0658326e-05,1.0644289e-05,2097345758.6903372,65,22358.75347830059
2024-05-14 19:43:00,1.0643355e-05,1.060378e-05,1.0642975e-05,1.0634404e-05,2481317545.271183,71,26361.632764318307
2024-05-14 19:44:00,1.0657252e-05,1.0632832e-05,1.0635928e-05,1.0647675e-05,1240077445.15,32,13206.840316924106
2024-05-14 19:45:00,1.06829e-05,1.0642396e-05,1.0647739e-05,1.0681353e-05,1479285517.38,46,15780.746602025642
2024-05-14 19:46:00,1.0698819e-05,1.0672402e-05,1.0676842e-05,1.0681081e-05,1896211545.9762225,65,20259.59556240359
2024-05-14 19:47:00,1.0686947e-05,1.0664289e-05,1.0677833e-05,1.0682503e-05,1682555205.465867,50,17966.981073686307
2024-05-14 19:48:00,1.0707868e-05,1.0680032e-05,1.0682767e-05,1.0683165e-05,1562197232.914193,47,16708.676450070434
2024-05-14 19:49:00,1.0707612e-05,1.0671839e-05,1.0682676e-05,1.0706469e-05,2437859592.81,56,26066.794907607662
2024-05-14 19:50:00,1.0730135e-05,1.070008e-05,1.0708996e-05,1.0724161e-05,2005223693.01,54,21483.470476254133
2024-05-14 19:51:00,1.077e-05,1.0729701e-05,1.0729701e-05,1.0737565e-05,1701445784.16,56,18294.877610892374
2024-05-14 19:52:00,1.0729e-05,1.0668071e-05,1.0729e-05,1.0668071e-05,1641998714.51,51,17558.36821674432
2024-05-14 19:53:00,1.068e-05,1.0654608e-05,1.0666e-05,1.0660161e-05,98609151.41,16,1051.8720684382542
2024-05-14 19:54:00,1.06965e-05,1.0654826e-05,1.0654826e-05,1.06949e-05,1063865211.96,38,11368.159844109015
2024-05-14 19:55:00,1.0695369e-05,1.0674666e-05,1.0695369e-05,1.0674666e-05,200966306.96608666,12,2148.0244019114075
2024-05-14 19:56:00,1.0729296e-05,1.068332e-05,1.0686256e-05,1.0720553e-05,1690613029.3128755,55,18114.729636801807
2024-05-14 19:57:00,1.0722344e-05,1.0707623e-05,1.0716579e-05,1.0722344e-05,732720691.8297968,20,7850.020483530746
2024-05-14 19:58:00,1.0715038e-05,1.0695675e-05,1.0715038e-05,1.0706361e-05,1409915284.45,36,15092.841269128163
2024-05-14 19:59:00,1.07226e-05,1.0697831e-05,1.0708254e-05,1.0697831e-05,1345724610.09,35,14412.26185891459
2024-05-14 20:00:00,1.0713841e-05,1.0681212e-05,1.0696764e-05,1.0713577e-05,1418029687.75,42,15172.08586456892
2024-05-14 20:01:00,1.0781783e-05,1.0715201e-05,1.0716551e-05,1.0781345e-05,1999730998.45,62,21477.692553783567
2024-05-14 20:02:00,1.0796547e-05,1.0765276e-05,1.0775271e-05,1.0782101e-05,1088766756.9474885,37,11738.881524787295
2024-05-14 20:03:00,1.0794226e-05,1.0762152e-05,1.0789442e-05,1.076243e-05,1281510617.58717,39,13809.559802022542
2024-05-14 20:04:00,1.0772294e-05,1.0751277e-05,1.0758777e-05,1.0762969e-05,1330469547.52,31,14318.626307595823
2024-05-14 20:05:00,1.0834117e-05,1.0749256e-05,1.0767514e-05,1.0824672e-05,2352081371.63,66,25363.17836247258
2024-05-14 20:06:00,1.0873694e-05,1.0813141e-05,1.0835005e-05,1.0813141e-05,837488130.0043098,49,9086.174502980346
2024-05-14 20:07:00,1.0874545e-05,1.0806267e-05,1.0808191e-05,1.0867116e-05,85033145.17,14,919.8366022533291
2024-05-14 20:08:00,1.0891176e-05,1.08439e-05,1.0872429e-05,1.085e-05,603235758.8563623,34,6549.970585842776
2024-05-14 20:09:00,1.0858824e-05,1.0844792e-05,1.0846505e-05,1.0857137e-05,57769379.74338815,8,626.7246644150255
2024-05-14 20:10:00,1.0883536e-05,1.0834117e-05,1.08691e-05,1.0837199e-05,408564280.98,31,4435.180296361545
2024-05-14 20:11:00,1.0834117e-05,1.0809306e-05,1.0834117e-05,1.0824698e-05,283483846.52,21,3067.5155127246767
2024-05-14 20:12:00,1.08523e-05,1.0814064e-05,1.0820647e-05,1.08523e-05,488901752.7,37,5293.329629505849
2024-05-14 20:13:00,1.0948675e-05,1.0840477e-05,1.08588e-05,1.0944056e-05,1326044073.6211526,68,14449.345258842148
2024-05-14 20:14:00,1.1003142e-05,1.094e-05,1.0951358e-05,1.0962992e-05,2842522565.27693,104,31212.569895828823
2024-05-14 20:15:00,1.0951806e-05,1.08518e-05,1.0951806e-05,1.0878685e-05,1445915650.613304,48,15761.29604829044
2024-05-14 20:16:00,1.0924914e-05,1.0856204e-05,1.0892759e-05,1.0915178e-05,1039128412.4320115,62,11308.473931371323
2024-05-14 20:17:00,1.0975813e-05,1.0903621e-05,1.0903621e-05,1.0975813e-05,440864873.44,23,4822.9408871599835
2024-05-14 20:18:00,1.105e-05,1.094964e-05,1.0973084e-05,1.105e-05,2486357585.1716185,69,27376.994665469145
2024-05-14 20:19:00,1.124e-05,1.1019998e-05,1.1022558e-05,1.1197141e-05,11947712024.4949,402,133335.02715434317
2024-05-14 20:20:00,1.147045e-05,1.1209001e-05,1.1209001e-05,1.1237939e-05,9558580312.600067,441,108357.38410148246
2024-05-14 20:21:00,1.1347647e-05,1.11089e-05,1.1258006e-05,1.1161366e-05,3824184372.4151783,163,42996.27394066647
2024-05-14 20:22:00,1.1241225e-05,1.1150317e-05,1.1150317e-05,1.1217981e-05,1504024596.5852768,73,16880.430759703293
2024-05-14 20:23:00,1.1231511e-05,1.11688e-05,1.1204201e-05,1.11688e-05,1107825682.8551667,44,12427.122269343956
2024-05-14 20:24:00,1.1169691e-05,1.1119411e-05,1.1161744e-05,1.115869e-05,2998037345.1562295,56,33454.08751248492
2024-05-14 20:25:00,1.1144955e-05,1.1045052e-05,1.1144955e-05,1.10699e-05,1633327974.8155193,85,18127.803447131377
2024-05-14 20:26:00,1.1110983e-05,1.1059486e-05,1.1063417e-05,1.1102382e-05,1076991148.4688509,41,11946.876292528026
2024-05-14 20:27:00,1.1096946e-05,1.09832e-05,1.1074287e-05,1.0995818e-05,538445388.7457477,41,5944.392062013475
2024-05-14 20:28:00,1.1021249e-05,1.0956027e-05,1.0980861e-05,1.10136e-05,1938604980.4775455,77,21276.32414896429
2024-05-14 20:29:00,1.1104382e-05,1.1027269e-05,1.1027269e-05,1.1104382e-05,538871510.1771278,26,5961.293471358077
2024-05-14 20:30:00,1.10727e-05,1.0834117e-05,1.1064562e-05,1.088869e-05,9414408112.07796,328,102936.94906752824
2024-05-14 20:31:00,1.097195e-05,1.0846468e-05,1.0876495e-05,1.0970501e-05,3267815644.3100758,128,35625.7012256329
2024-05-14 20:32:00,1.1043673e-05,1.0934414e-05,1.1e-05,1.0967419e-05,6289399898.09,107,69153.14588987586
2024-05-14 20:33:00,1.0965999e-05,1.088e-05,1.0965999e-05,1.0938874e-05,995331020.39,64,10856.02716846739
2024-05-14 20:34:00,1.0933823e-05,1.0886559e-05,1.0913147e-05,1.0933719e-05,1119135146.84,33,12188.159119490632
2024-05-14 20:35:00,1.0924455e-05,1.0868089e-05,1.0924455e-05,1.0907954e-05,2330880279.48,43,25395.94238336903
2024-05-14 20:36:00,1.1016729e-05,1.09169e-05,1.09169e-05,1.1016729e-05,2699389247.12,66,29687.262772539038
2024-05-14 20:37:00,1.1065357e-05,1.0978591e-05,1.1007405e-05,1.1032575e-05,2197724181.7424345,75,24260.48907189613
2024-05-14 20:38:00,1.1053078e-05,1.0988768e-05,1.1041191e-05,1.0994133e-05,819247857.8208903,26,9022.241560702858
2024-05-14 20:39:00,1.10284e-05,1.097208e-05,1.10169e-05,1.10031e-05,1859462059.5288706,51,20463.085686335136
2024-05-14 20:40:00,1.10969e-05,1.10307e-05,1.1031515e-05,1.1081216e-05,1882821450.62,81,20844.357952165374
2024-05-14 20:41:00,1.1141285e-05,1.10578e-05,1.1063718e-05,1.1097549e-05,1700075152.3199067,56,18900.88123512855
2024-05-14 20:42:00,1.1264905e-05,1.109e-05,1.1092476e-05,1.1222637e-05,3666955838.46,120,41066.8099495401
2024-05-14 20:43:00,1.137e-05,1.1221642e-05,1.1221642e-05,1.12456e-05,5368830525.718505,162,60742.65074829583
2024-05-14 20:44:00,1.1256519e-05,1.1157563e-05,1.1256519e-05,1.1186245e-05,993347084.0057869,65,11123.222378830123
2024-05-14 20:45:00,1.1290588e-05,1.1140159e-05,1.1150913e-05,1.1290588e-05,2206646548.13,65,24688.74887956545
2024-05-14 20:46:00,1.1282692e-05,1.11666e-05,1.1282692e-05,1.1175634e-05,1707707863.09,51,19151.576065444955
2024-05-14 20:47:00,1.1156004e-05,1.1030666e-05,1.1156004e-05,1.1033515e-05,988099481.0007075,71,10942.650967809981
2024-05-14 20:48:00,1.106e-05,1.1009847e-05,1.1018555e-05,1.1055584e-05,3502953505.0904164,57,38629.91514808327
2024-05-14 20:49:00,1.1089049e-05,1.1024952e-05,1.1041843e-05,1.102854e-05,1054144012.85,44,11670.982765674578
2024-05-14 20:50:00,1.1094224e-05,1.0985752e-05,1.1009847e-05,1.10504e-05,1617459740.4922934,65,17848.904069654207
2024-05-14 20:51:00,1.1055981e-05,1.0971888e-05,1.1050672e-05,1.099328e-05,441485392.17515236,31,4857.473941653537
2024-05-14 20:52:00,1.1025139e-05,1.0969678e-05,1.100318e-05,1.1000036e-05,1020151143.3742276,41,11215.597756349021
2024-05-14 20:53:00,1.1038313e-05,1.0993901e-05,1.1015216e-05,1.101e-05,902987611.54,34,9948.693748940896
2024-05-14 20:54:00,1.1059587e-05,1.101e-05,1.1017351e-05,1.1044194e-05,1314892074.874292,34,14515.648003330192
2024-05-14 20:55:00,1.1045213e-05,1.0827284e-05,1.1043113e-05,1.085264e-05,6208636330.256864,135,67792.00448131155
2024-05-14 20:56:00,1.0941325e-05,1.0856393e-05,1.0856393e-05,1.0940937e-05,1869248193.49,65,20373.68263046777
2024-05-14 20:57:00,1.0921783e-05,1.0872111e-05,1.0921783e-05,1.0881544e-05,251420655.2,21,2736.4429552082947
2024-05-14 20:58:00,1.0971826e-05,1.0848769e-05,1.0882634e-05,1.09099e-05,1989340638.8327172,89,21695.779173740568
2024-05-14 20:59:00,1.0903205e-05,1.0860587e-05,1.0903205e-05,1.0875075e-05,663796835.62,30,7216.2173958318335
2024-05-14 21:00:00,1.08593e-05,1.0730275e-05,1.08593e-05,1.0745668e-05,6011831899.46701,185,64706.74015710415
2024-05-14 21:01:00,1.0848443e-05,1.0724239e-05,1.0729716e-05,1.0832728e-05,3053354073.5,98,33001.72053960193
2024-05-14 21:02:00,1.08428e-05,1.0792016e-05,1.0822682e-05,1.08428e-05,493378008.38,30,5339.11821420185
2024-05-14 21:03:00,1.088e-05,1.0838559e-05,1.0838559e-05,1.088e-05,585187318.95,19,6352.30532465474
2024-05-14 21:04:00,1.0924733e-05,1.0869184e-05,1.0870365e-05,1.089434e-05,3579971818.1174035,69,39009.147048731385
2024-05-14 21:05:00,1.0935476e-05,1.0861727e-05,1.0884697e-05,1.0861727e-05,1648914579.71,49,17962.226447464545
2024-05-14 21:06:00,1.0902174e-05,1.0834117e-05,1.0866856e-05,1.0884188e-05,2493241972.52,59,27043.39998709615
2024-05-14 21:07:00,1.095831e-05,1.0882065e-05,1.0882065e-05,1.0932626e-05,2476129721.76,67,27069.858023914985
2024-05-14 21:08:00,1.0956e-05,1.091314e-05,1.093704e-05,1.0920568e-05,1199511840.07,35,13116.080460903759
2024-05-14 21:09:00,1.0957676e-05,1.090569e-05,1.0909363e-05,1.093323e-05,2221413302.9722896,51,24288.61850786025
2024-05-14 21:10:00,1.09532e-05,1.0887896e-05,1.0931501e-05,1.0947923e-05,1780213659.54,64,19437.93031326672
2024-05-14 21:11:00,1.1009301e-05,1.0937152e-05,1.0937152e-05,1.1005981e-05,2239596404.47,72,24570.646990427405
2024-05-14 21:12:00,1.1094853e-05,1.0993149e-05,1.0998035e-05,1.1084757e-05,3506994873.79,103,38745.80039862066
2024-05-14 21:13:00,1.1083287e-05,1.0977717e-05,1.1083287e-05,1.10068e-05,1370755039.57,74,15111.623881125928
2024-05-14 21:14:00,1.1044116e-05,1.099998e-05,1.10057e-05,1.1007965e-05,170676039.37,23,1881.318321337512
2024-05-14 21:15:00,1.1039457e-05,1.0999717e-05,1.0999717e-05,1.1025603e-05,1045760985.08,38,11521.35935082295
2024-05-14 21:16:00,1.1058897e-05,1.1003342e-05,1.1034708e-05,1.1005855e-05,1663925997.56,51,18350.088041504096
2024-05-14 21:17:00,1.1020947e-05,1.0976605e-05,1.1006138e-05,1.1020947e-05,2307749201.16,69,25385.081370877684
2024-05-14 21:18:00,1.1149191e-05,1.1022907e-05,1.1022907e-05,1.1125027e-05,2069773990.5491674,91,22949.515658893102
2024-05-14 21:19:00,1.1156653e-05,1.1111808e-05,1.1134791e-05,1.11476e-05,1723851152.2521408,36,19204.92263830818
2024-05-14 21:20:00,1.113991e-05,1.1053344e-05,1.1137416e-05,1.1069606e-05,1811103736.0166795,65,20089.227978776773
2024-05-14 21:21:00,1.1103857e-05,1.1048679e-05,1.1068668e-05,1.1103857e-05,1364357360.09,43,15114.692302776883
2024-05-14 21:22:00,1.1108429e-05,1.107168e-05,1.1104779e-05,1.1092759e-05,1310028657.7196665,40,14529.445474283906
2024-05-14 21:23:00,1.1138624e-05,1.1085293e-05,1.11033e-05,1.1117114e-05,1483904054.54,54,16496.17998263285
2024-05-14 21:24:00,1.1158476e-05,1.10739e-05,1.1120588e-05,1.1083713e-05,1669237620.76,57,18533.37892409295
2024-05-14 21:25:00,1.1117005e-05,1.1078656e-05,1.1078697e-05,1.1097481e-05,1440044915.29,57,15972.905874036393
2024-05-14 21:26:00,1.1118304e-05,1.1081409e-05,1.1097294e-05,1.1092272e-05,1656303469.88,53,18375.04816549747
2024-05-14 21:27:00,1.114159e-05,1.1084136e-05,1.1086962e-05,1.1115524e-05,3378008553.0388136,66,37579.1290861275
2024-05-14 21:28:00,1.1124942e-05,1.1087136e-05,1.1111111e-05,1.1123217e-05,1778383425.72,58,19754.52699944861
2024-05-14 21:29:00,1.1151942e-05,1.1114409e-05,1.1123194e-05,1.1114409e-05,1504789199.49,58,16755.024881121946
2024-05-14 21:30:00,1.1188489e-05,1.107168e-05,1.1117621e-05,1.1173243e-05,2190714545.1685214,82,24358.414612551347
2024-05-14 21:31:00,1.1177652e-05,1.1072236e-05,1.1177652e-05,1.1088597e-05,2084789628.2000248,80,23189.117347306368
2024-05-14 21:32:00,1.11035e-05,1.1062352e-05,1.108857e-05,1.1080152e-05,1383915667.763966,42,15338.27488300933
2024-05-14 21:33:00,1.1133102e-05,1.1077777e-05,1.1077777e-05,1.1115377e-05,1345597615.0,52,14946.870710138131
2024-05-14 21:34:00,1.1174984e-05,1.1109699e-05,1.1115356e-05,1.116729e-05,1621527996.9,46,18066.95937834164
2024-05-14 21:35:00,1.1173855e-05,1.11109e-05,1.1169726e-05,1.1151744e-05,2398690297.22,62,26751.5255417242
2024-05-14 21:36:00,1.1159964e-05,1.1132596e-05,1.1146149e-05,1.1137542e-05,1546690556.49,60,17237.103042064093
2024-05-14 21:37:00,1.1161233e-05,1.1103245e-05,1.1141469e-05,1.1103245e-05,1397641904.1324775,51,15559.604115910244
2024-05-14 21:38:00,1.1129785e-05,1.1086301e-05,1.1102077e-05,1.1086301e-05,1637551786.11,53,18195.163938970334
2024-05-14 21:39:00,1.110264e-05,1.0999888e-05,1.110264e-05,1.1019804e-05,2338625452.029489,88,25802.581117545582
2024-05-14 21:40:00,1.1032674e-05,1.0918246e-05,1.1026191e-05,1.0958459e-05,5235516333.122686,90,57409.966473990266
2024-05-14 21:41:00,1.1004029e-05,1.0940707e-05,1.0969274e-05,1.0986589e-05,1443867698.19,39,15845.296180719879
2024-05-14 21:42:00,1.0987132e-05,1.0966101e-05,1.0987132e-05,1.0981986e-05,2015787749.32,47,22130.59169603782
2024-05-14 21:43:00,1.1035798e-05,1.0974401e-05,1.0986906e-05,1.1011942e-05,1402338786.1733446,59,15437.695786828883
2024-05-14 21:44:00,1.1011484e-05,1.0947743e-05,1.100821e-05,1.095309e-05,2072177223.57,71,22748.14276837417
2024-05-14 21:45:00,1.0990505e-05,1.0914344e-05,1.0947302e-05,1.0972351e-05,2636527978.3892765,74,28895.0174114318
2024-05-14 21:46:00,1.097923e-05,1.093e-05,1.095934e-05,1.0948075e-05,1426528285.67,41,15630.885720170523
2024-05-14 21:47:00,1.0963135e-05,1.0848366e-05,1.094468e-05,1.08835e-05,4745828383.802201,147,51673.44526789432
2024-05-14 21:48:00,1.0880847e-05,1.0814333e-05,1.0880847e-05,1.0818517e-05,1035977389.72,33,11232.316608688403
2024-05-14 21:49:00,1.0829092e-05,1.0769132e-05,1.0827354e-05,1.08204e-05,2190150101.6247005,74,23642.715333755743
2024-05-14 21:50:00,1.0860169e-05,1.0781739e-05,1.0818213e-05,1.0833508e-05,1802058864.92,63,19515.857683651437
2024-05-14 21:51:00,1.0853926e-05,1.0787864e-05,1.0836053e-05,1.0853926e-05,2041687649.41,59,22098.34828323559
2024-05-14 21:52:00,1.0879647e-05,1.0838265e-05,1.085382e-05,1.084279e-05,2087821631.16,76,22662.84905823009
2024-05-14 21:53:00,1.0851335e-05,1.0814464e-05,1.0841771e-05,1.0826614e-05,1643012781.56,50,17793.43701888988
2024-05-14 21:54:00,1.0858696e-05,1.0821412e-05,1.0824243e-05,1.082894e-05,1369843431.4,43,14843.397287423602
2024-05-14 21:55:00,1.0830422e-05,1.0783244e-05,1.0827132e-05,1.0796829e-05,1837234605.47,71,19846.10358372995
2024-05-14 21:56:00,1.0802601e-05,1.0769916e-05,1.0800772e-05,1.0784259e-05,1454817755.62,53,15696.789912124068
2024-05-14 21:57:00,1.0793771e-05,1.0755734e-05,1.0783384e-05,1.0779639e-05,1499702654.51,57,16161.11619320929
2024-05-14 21:58:00,1.0814353e-05,1.07704e-05,1.0778724e-05,1.081042e-05,1477450022.4943988,53,15951.834356455043
2024-05-14 21:59:00,1.0813063e-05,1.075572e-05,1.0812721e-05,1.0762984e-05,1018957536.58,47,10984.598676381702
2024-05-14 22:00:00,1.0777438e-05,1.06e-05,1.0769151e-05,1.0717123e-05,5215054074.21,221,55756.99171418138
2024-05-14 22:01:00,1.072e-05,1.064e-05,1.0704147e-05,1.064e-05,385945263.08631897,31,4119.506164487162
2024-05-14 22:02:00,1.0679118e-05,1.0615949e-05,1.0629212e-05,1.0616991e-05,1131761301.1837234,34,12041.872211567934
2024-05-14 22:03:00,1.0692065e-05,1.0610137e-05,1.0610668e-05,1.0686932e-05,1395674627.56,35,14869.69802389509
2024-05-14 22:04:00,1.07e-05,1.0652684e-05,1.0691147e-05,1.066623e-05,685015351.34,26,7311.812167409016
2024-05-14 22:05:00,1.0723579e-05,1.0662408e-05,1.0665748e-05,1.0719652e-05,2377009269.6,55,25407.71065977889
2024-05-14 22:06:00,1.0733914e-05,1.0671108e-05,1.0720047e-05,1.0671238e-05,2704413578.5198216,79,28947.96509442611
2024-05-14 22:07:00,1.0682672e-05,1.0626499e-05,1.0676285e-05,1.0667527e-05,1908510936.53,61,20326.535136631628
2024-05-14 22:08:00,1.0713936e-05,1.0651144e-05,1.0652711e-05,1.069849e-05,1617085196.89,63,17288.839086522068
2024-05-14 22:09:00,1.0724481e-05,1.0676598e-05,1.06937e-05,1.0681249e-05,1570044760.3,53,16788.976788467957
2024-05-14 22:10:00,1.0666927e-05,1.0606417e-05,1.0662941e-05,1.0628133e-05,2515296499.32,73,26756.589407725158
2024-05-14 22:11:00,1.0680559e-05,1.0625884e-05,1.062688e-05,1.0636284e-05,1875305806.99,57,19974.61897561328
2024-05-14 22:12:00,1.0630375e-05,1.0511481e-05,1.0624385e-05,1.0586143e-05,3092670518.6510797,114,32730.79164573123
2024-05-14 22:13:00,1.065e-05,1.0576162e-05,1.0576162e-05,1.0625005e-05,2283657037.434915,60,24245.011464055966
2024-05-14 22:14:00,1.0632346e-05,1.0583834e-05,1.0632346e-05,1.0583834e-05,1440940739.26,40,15279.383839451755
